recipe_id,source,recipe_name,ingredients,url,contains_pork,contains_alcohol,contains_gluten,contains_dairy,contains_egg,contains_peanut,contains_tree_nut,contains_fish,contains_shellfish,contains_crustacean,contains_mollusc,contains_soy,contains_sesame,contains_mustard,contains_celery,contains_lupin,contains_buckwheat,contains_sulfites,contains_meat,contains_beef,contains_red_meat,contains_poultry,contains_processed_meat,contains_gelatin,contains_honey,contains_root_vegetable,contains_allium,contains_asafoetida,contains_mushroom,contains_carmine,contains_scaleless_fish,contains_unclean_meat,contains_coffee_or_tea,contains_added_salt,contains_alcohol_extract,contains_fava,contains_nightshade,contains_high_mercury_fish,contains_raw_animal,contains_soft_cheese,contains_high_purine,contains_high_tyramine,vegetarian,vegan
culinarydb_9723,culinarydb,Sicilian Pizza Crust,flour | italian seasoning | salt | shortening | sugar | warm water | active dry yeast,,0,0,1,0,0,0,0,0,0,0,0,0,0,0,0,0,0,0,0,0,0,0,0,0,0,0,0,0,0,0,0,0,0,1,0,0,0,0,0,0,0,0,1,1
culinarydb_1183,culinarydb,makai jajaria,cardamom | corn | ghee | milk,,0,0,0,1,0,0,0,0,0,0,0,0,0,0,0,0,0,0,0,0,0,0,0,0,0,0,0,0,0,0,0,0,0,0,0,0,0,0,0,0,0,0,1,0
culinarydb_25988,culinarydb,Baked Fish 'N' Chips with Honey Vinegar,baking powder | cider vinegar | cod fillet | cooking spray | egg | flour | honey | lowfat milk | salt and ground black pepper | potato | steamed spinach,,0,0,1,1,1,0,0,1,0,0,0,0,0,0,0,0,0,0,1,0,0,0,0,0,1,1,0,0,0,0,0,0,0,1,0,0,1,0,0,0,0,0,0,0
culinarydb_16199,culinarydb,Buffalo Chicken Wings III,butter | cayenne pepper | chicken wing | red pepper sauce | tomato sauce,,0,0,0,1,0,0,0,0,0,0,0,0,0,0,0,0,0,0,1,0,1,1,0,0,0,0,0,0,0,0,0,0,0,0,0,0,1,0,0,0,0,0,0,0
culinarydb_8312,culinarydb,Arroz con Pollo (Peruvian Style),beer | carrot | skinless chicken piece | cilantro | garlic | onion | green pea | salt and ground black pepper to taste | white rice | vegetable oil | water,,0,1,1,0,0,0,0,0,0,0,0,0,0,0,0,0,0,0,1,0,0,1,0,0,0,1,1,0,0,0,0,0,0,1,0,0,1,0,0,0,0,0,0,0
culinarydb_28697,culinarydb,Venison and Black Bean Chili with Toasted Cumin Creme Fraiche and White Cheddar Cornbread,baking powder | cooked | dark beer | butter | buttermilk | white cheddar | homemade chicken stock | ancho chile powder | pasilla chile powder | white cheddar cornbread | ground cumin | toasted cumin crema | cumin seed | egg | flour | garlic | honey | lime juice | olive oil | red onion | salt and freshly ground pepper | chipotle pepper puree | salt | tomato,,0,1,1,1,1,0,0,0,0,0,0,0,0,0,0,0,0,0,1,0,1,1,0,0,1,0,1,0,0,0,0,0,0,1,0,0,1,0,0,0,0,1,0,0
culinarydb_13624,culinarydb,Southern Style Chicken Toast,white bread | carrot | skinless | cornstarch | egg white | ground ginger | margarine | black pepper | soy sauce | sugar,,0,0,1,0,1,0,0,0,0,0,0,1,0,0,0,0,0,0,1,0,0,1,0,0,0,1,0,0,0,0,0,0,0,0,0,0,1,0,0,0,0,1,0,0
culinarydb_24139,culinarydb,Porchetta Sandwiches,fennel seed | garlic | olive oil | kosher salt and freshly ground black pepper | red bell pepper | yellow bell pepper | one 6 1/2-pound bone-in pork butt | new potato | rosemary | sage,,1,0,0,0,0,0,0,0,0,0,0,0,0,0,0,0,0,0,1,0,1,0,0,0,0,1,1,0,0,0,0,0,0,1,0,0,1,0,0,0,0,0,0,0
culinarydb_30928,culinarydb,Jacques' Orange Hot Chocolate,bittersweet chocolate | pinch cinnamon | marshmallow | dry milk powder | orange,,0,0,0,1,0,0,0,0,0,0,0,0,0,0,0,0,0,0,1,0,0,0,0,1,0,0,0,0,0,0,0,0,0,0,0,0,0,0,0,0,0,0,0,0
culinarydb_479,culinarydb,coriander rotis,chickpea | coriander cumin seeds powder | green bell pepper | sunflower oil | turmeric | wheat,,0,0,1,0,0,0,0,0,0,0,0,0,0,0,0,0,0,0,0,0,0,0,0,0,0,0,0,0,0,0,0,0,0,0,0,0,1,0,0,0,0,0,1,1
culinarydb_26227,culinarydb,"""Ayuh"" Seafood Paella",brandy | one 4-pound package boneless chicken breast | heaping cup minced fresh garlic | lemon | five 1 1/2-pound lobster | broth | dozen maine mussel | olive oil | heaping cup chopped onion | paprika | pea | green pepper | red pepper | black pepper | long grain rice | saffron | salt | maine scallop | shrimp | seeded,,0,1,0,0,0,0,0,0,1,1,1,0,0,0,0,0,0,0,1,0,0,1,0,0,0,0,1,0,0,0,0,0,0,1,0,0,1,0,0,0,0,0,0,0
culinarydb_16678,culinarydb,Colorado Buffalo Chili,chili bean | kidney bean | ground buffalo | cayenne pepper | ground cumin | garlic | tomatoes with green chile | onion | anaheim chile pepper | poblano chile pepper | red pepper flake | salt and ground black pepper to taste | tomato soup,,0,0,0,0,0,0,0,0,0,0,0,0,0,0,0,0,0,0,1,0,1,0,0,0,0,0,1,0,0,0,0,0,0,1,0,0,1,0,0,0,1,0,0,0
culinarydb_9903,culinarydb,Zesty Tomato Sauce,butter | garlic | cracked black pepper | salt | thyme | roma tomato,,0,0,0,1,0,0,0,0,0,0,0,0,0,0,0,0,0,0,0,0,0,0,0,0,0,0,1,0,0,0,0,0,0,1,0,0,1,0,0,0,0,0,1,0
culinarydb_33169,culinarydb,Cilantro-Infused Chicken Sandwiches,loaf french bread | grilled chicken | cilantro leaf | olive oil | orange | potato chip | salt | spinach and citrus salad | spinach leaf | tomato,,0,0,1,0,0,0,0,0,0,0,0,0,0,0,0,0,0,0,1,0,0,1,0,0,0,1,0,0,0,0,0,0,0,1,0,0,1,0,0,0,0,0,0,0
culinarydb_37477,culinarydb,Zucchini-Blossom Quesadillas,oaxacan string cheese | garlic | white onion | tomato | corn tortilla flour | equipment: 2 squares cut from a 1-quarts sealable plastic bag; a tortilla press; a comal | vegetable oil | warm water | zucchini blossom,,0,0,0,1,0,0,0,0,0,0,0,0,0,0,0,0,0,0,0,0,0,0,0,0,0,0,1,0,0,0,0,0,0,0,0,0,1,0,0,0,0,0,1,0
culinarydb_6855,culinarydb,Champurrado,pod star anise | cinnamon stick | clove | pinole | milk | piloncillo | water,,0,0,0,1,0,0,0,0,0,0,0,0,0,0,0,0,0,0,0,0,0,0,0,0,0,0,0,0,0,0,0,0,0,0,0,0,0,0,0,0,0,0,1,0
culinarydb_12153,culinarydb,Potato Candy from Ohio,butter | creamy peanut butter | leftover mashed potato | confectioners' sugar | vanilla extract,,0,0,0,1,0,1,0,0,0,0,0,0,0,0,0,0,0,0,0,0,0,0,0,0,0,1,0,0,0,0,0,0,0,0,1,0,1,0,0,0,0,0,1,0
culinarydb_14406,culinarydb,New England Bean Dip,canned kidney bean | garlic powder | white horseradish | mayonnaise | dry mustard | onion | black pepper | sweet pickle relish | salt | worcestershire sauce,,0,0,1,0,1,0,0,1,0,0,0,0,0,1,0,0,0,0,1,0,0,0,0,0,0,1,1,0,0,0,0,0,0,1,0,0,1,0,0,0,1,0,0,0
culinarydb_22033,culinarydb,Simple Creme Brulee,heavy cream | egg yolk | sugar | dark brown sugar | vanilla extract,,0,0,0,1,1,0,0,0,0,0,0,0,0,0,0,0,0,0,0,0,0,0,0,0,0,0,0,0,0,0,0,0,0,0,1,0,0,0,0,0,0,0,1,0
culinarydb_16395,culinarydb,Pear Manhattan Cocktail,maraschino cherry | ice | pear | fluid ounces sweet vermouth | fluid ounces pear vodka | fluid ounces rye whiskey,,0,1,1,0,0,0,0,0,0,0,0,0,0,0,0,0,0,1,0,0,0,0,0,0,0,0,0,0,0,0,0,0,0,0,0,0,0,0,0,0,0,0,1,1
culinarydb_2201,culinarydb,soyabean ke pakode,chickpea | soybean | sunflower oil,,0,0,0,0,0,0,0,0,0,0,0,1,0,0,0,0,0,0,0,0,0,0,0,0,0,0,0,0,0,0,0,0,0,0,0,0,0,0,0,0,0,0,1,1
culinarydb_36232,culinarydb,Baked Whole Wheat Bread,3/4 cupchapati >flour | chapati flour measured by scooping the flour with a measuring cup and leveling off with a spatula,,0,0,1,0,0,0,0,0,0,0,0,0,0,0,0,0,0,0,0,0,0,0,0,0,0,0,0,0,0,0,0,0,0,0,0,0,0,0,0,0,0,0,1,1
culinarydb_4281,culinarydb,Cilantro Chutney Chicken,ground unsalted cashew | chicken | cilantro | heavy whipping cream | ground cumin | garlic | ginger root | jalapeno chile pepper | lemon juice | salt to taste,,0,0,0,1,0,0,1,0,0,0,0,0,0,0,0,0,0,0,1,0,0,1,0,0,0,1,1,0,0,0,0,0,0,1,0,0,1,0,0,0,0,0,0,0
culinarydb_33355,culinarydb,Six-Story Fruit Yogurt Parfait,banana | blueberry | cream cheese | hazelnut and chocolate paste | heavy cream | seedless red grape | seedless white grape | honey | lime | mint | raspberry | plain yogurt,,0,0,0,1,0,0,1,0,0,0,0,0,0,0,0,0,0,0,0,0,0,0,0,0,1,0,0,0,0,0,0,0,0,0,0,0,0,0,0,1,0,0,1,0
culinarydb_43955,culinarydb,Asparagus Soup with Lemon Crème Fraîche,asparagus | butter | ground coriander | lemon peel | lemon juice | shallot | 14-ounce cans vegetable broth,,0,0,0,1,0,0,0,0,0,0,0,0,0,0,0,0,0,0,0,0,0,0,0,0,0,0,1,0,0,0,0,0,0,0,0,0,0,0,0,0,0,0,1,0
culinarydb_3655,culinarydb,Lavosh,butter | egg white | flour | salt | sesame seed | sugar | water,,0,0,1,1,1,0,0,0,0,0,0,0,1,0,0,0,0,0,0,0,0,0,0,0,0,0,0,0,0,0,0,0,0,1,0,0,0,0,0,0,0,0,1,0
culinarydb_3009,culinarydb,Mochiko Asian Fried Chicken,boneless chicken thigh | cornstarch | egg | sweet rice flour | garlic | green onion | oyster sauce | salt | sugar | vegetable oil,,0,0,1,0,1,0,0,0,1,0,1,0,0,0,0,0,0,0,1,0,0,1,0,0,0,0,1,0,0,0,0,0,0,1,0,0,0,0,0,0,0,0,0,0
culinarydb_29985,culinarydb,BBQ Shrimp Po-Boy,french roll | bay leaf | butter | cayenne pepper | garlic | juice of 1 lemon | sweet paprika | kosher salt and freshly ground black pepper to taste | shrimp | worcestershire sauce,,0,0,1,1,0,0,0,1,1,1,0,0,0,0,0,0,0,0,1,0,0,0,0,0,0,0,1,0,0,0,0,0,0,1,0,0,1,0,0,0,0,0,0,0
culinarydb_32757,culinarydb,Whole Seabass with Fennel and Orange Zest,sea bass | champagne vinegar | to 2 heads fennel | garlic | clementine juice | olive oil | orange | parsley | salt | pepper | shallot | thyme,,0,0,0,0,0,0,0,1,0,0,0,0,0,0,0,0,0,0,1,0,0,0,0,0,0,0,1,0,0,0,0,0,0,1,0,0,1,0,0,0,0,0,0,0
culinarydb_38422,culinarydb,Spiced Madeleines,ground allspice | baking powder | butter | cinnamon | ground coriander | egg | flour | nutmeg | sugar | packed light brown sugar | confectioners sugar for dusting,,0,0,1,1,1,0,0,0,0,0,0,0,0,0,0,0,0,0,0,0,0,0,0,0,0,0,0,0,0,0,0,0,0,0,0,0,0,0,0,0,0,0,1,0
culinarydb_16290,culinarydb,"RITZ ""Everything"" Bites with Lox and Schmear",caper | cream cheese | thin slices cucumber | garlic | lemon juice | red onion | lox | dry-packed sun-dried tomato,,0,0,0,1,0,0,0,1,0,0,0,0,0,0,0,0,0,0,1,0,0,0,0,0,0,0,1,0,0,0,0,0,0,0,0,0,1,0,1,1,0,1,0,0
culinarydb_7198,culinarydb,Mary's Chicken and Black Bean Chili,black bean | chicken broth | rotisserie chicken | ground cumin | garlic | olive oil | onion | black pepper | green bell pepper | red bell pepper | salt | mexican-style stewed tomato | water,,0,0,0,0,0,0,0,0,0,0,0,0,0,0,0,0,0,0,1,0,0,1,0,0,0,0,1,0,0,0,0,0,0,1,0,0,1,0,0,0,0,0,0,0
culinarydb_38262,culinarydb,Chocolate Gateaux,di saronno amaretto | fine-quality bittersweet chocolate | vegetable cooking-oil spray | heavy cream | plus 2 tablespoons heavy cream | egg | accompaniment: ice cream and/or fresh fruit coulis,,0,1,0,1,1,0,0,0,0,0,0,0,0,0,0,0,0,0,0,0,0,0,0,0,0,0,0,0,0,0,0,0,0,0,0,0,0,0,0,0,0,0,1,0
culinarydb_28234,culinarydb,French Toast with Mixed Berries,baguette | blueberry | butter | three 3-inch cinnamon stick | egg | half-and-half | squeezed lemon juice | pinch freshly grated nutmeg | zest of 1/2 orange | squeezed orange juice | raspberry | strawberry | sugar | confectioners' sugar | vanilla bean | water,,0,0,1,1,1,0,0,0,0,0,0,0,0,0,0,0,0,0,0,0,0,0,0,0,0,0,0,0,0,0,0,0,0,0,0,0,0,0,0,0,0,0,1,0
culinarydb_2563,culinarydb,veggie corn cricket balls,potato | sunflower oil,,0,0,0,0,0,0,0,0,0,0,0,0,0,0,0,0,0,0,0,0,0,0,0,0,0,1,0,0,0,0,0,0,0,0,0,0,1,0,0,0,0,0,1,1
culinarydb_34579,culinarydb,Sauteed Chicken in Albarino Wine Sauce with Wild Mushroom Pommes Anna,cold unsalted butter | butter | chicken | chicken stock | garlic | crimini mushroom | mushroom duxelle | olive oil | fresh | salt and freshly ground pepper | flour | potato | salt | pepper | shallot | tarragon | thyme | albarino white wine | dry white wine,,0,1,1,1,0,0,0,0,0,0,0,0,0,0,0,0,0,1,1,0,0,1,0,0,0,1,1,0,1,0,0,0,0,1,0,0,1,0,0,0,0,0,0,0
culinarydb_10110,culinarydb,Minestrone Soup II,bacon | dried basil | ground beef | beef broth | cubed carrot | celery | chickpea | garlic | onion | condensed french onion soup | dried oregano | parsley | salt and pepper to taste | spinach | uncooked spinach pasta | stewed tomato | tomato puree | water | red wine | zucchini,,1,1,1,0,0,0,0,0,0,0,0,0,0,0,1,0,0,1,1,1,1,0,1,0,0,1,1,0,0,0,0,0,0,1,0,0,1,0,0,0,0,0,0,0
culinarydb_37991,culinarydb,Easter Lamb Roasted with Artichokes and Potatoes from the Mani,artichoke | one 3- to 4-pound leg of spring lamb | juice of 4 to 6 lemon | olive oil | salt and freshly ground black pepper to taste | all-purpose potato | to 4 fresh rosemary sprig,,0,0,1,0,0,0,0,0,0,0,0,0,0,0,0,0,0,0,1,0,1,0,0,0,0,1,0,0,0,0,0,0,0,1,0,0,1,0,0,0,0,0,0,0
culinarydb_20531,culinarydb,Hand Rolled Sushi (Temaki),asparagus | avocado | carrot | cucumber | eggplant | snow pea | bell pepper | sushi rice | short grain rice | salt | green onion | black sesame seed | white sesame seed | black sesame seeds/salt combination | wilted spinach | sugar | tofu | aburage | tomato | rice vinegar | water,,0,0,0,0,0,0,0,0,0,0,0,1,1,0,0,0,0,0,0,0,0,0,0,0,0,1,1,0,0,0,0,0,0,1,0,0,1,0,1,0,0,0,1,1
culinarydb_34428,culinarydb,Pork Chops with Apples and Onions,granny smith apple | apple cider | pinch cinnamon | olive oil | onion | red pepper | bone-in pork loin chop | rosemary | salt,,1,0,0,0,0,0,0,0,0,0,0,0,0,0,0,0,0,0,1,0,1,0,0,0,0,0,1,0,0,0,0,0,0,1,0,0,1,0,0,0,0,0,0,0
culinarydb_34435,culinarydb,Metropolitan Grill's Cheddar Cheese and Beer Sauce,your favorite beer | pinch cayenne | cheddar | flour | pinch granulated garlic | milk | dry mustard | green onion | parsley | pinch white pepper | salad oil | salt | worcestershire sauce,,0,1,1,1,0,0,0,1,0,0,0,0,0,1,0,0,0,0,1,0,0,0,0,0,0,0,1,0,0,0,0,0,0,1,0,0,1,0,0,0,0,1,0,0
culinarydb_8830,culinarydb,Anise Tuiles,anise extract | butter | egg white | flour | salt | confectioners' sugar,,0,0,1,1,1,0,0,0,0,0,0,0,0,0,0,0,0,0,0,0,0,0,0,0,0,0,0,0,0,0,0,0,0,1,1,0,0,0,0,0,0,0,1,0
culinarydb_21542,culinarydb,Greek Grilled Chicken with Green Beans,green bean | crumbled feta cheese | cherry tomato | skinless | dill | garlic powder | garlic | olive oil | dried oregano | kosher salt and freshly ground pepper | red wine vinegar,,0,0,0,1,0,0,0,0,0,0,0,0,0,0,0,0,0,1,1,0,0,1,0,0,0,0,1,0,0,0,0,0,0,1,0,0,1,0,0,1,0,0,0,0
culinarydb_19342,culinarydb,Thai Ribs and Legs,carrot | cilantro leaves and tender stem | cilantro | scallion top | thai cucumber | seedless cucumber | chicken drummer | about 2 tablespoons fish sauce | fish sauce | garlic | one 2-inch piece fresh ginger | honey | jasmine rice | lemongrass | juice of 1 lime | mint | mint leaf | dry-roasted cashew | serrano chile pepper | fresno chile pepper | pork loin rib | fine sea salt | scallion white | about 1/4 cup low-sodium soy sauce | packed light brown sugar | superfine sugar | about 3 tablespoons rice vinegar | rice vinegar,,1,0,1,0,0,0,1,1,0,0,0,1,0,0,0,0,0,0,1,0,1,1,0,0,1,1,1,0,0,0,0,0,0,1,0,0,1,0,0,0,0,1,0,0
culinarydb_39105,culinarydb,Chocolate Chip Cookies with Salt,baking soda | butter | bitter chocolate chip | egg | flour | about 2 1/2 teaspoons sea salt | vanilla sugar | vanilla extract,,0,0,1,1,1,0,0,0,0,0,0,0,0,0,0,0,0,0,0,0,0,0,0,0,0,0,0,0,0,0,0,0,0,1,1,0,0,0,0,0,0,0,1,0
culinarydb_27067,culinarydb,Warm Chocolate Brownie Cake with Walnuts and Cream,baking powder | butter | cocoa powder | whipped cream | egg | flour | salt | sugar | packed brown sugar | vanilla extract | walnut | water,,0,0,1,1,1,0,1,0,0,0,0,0,0,0,0,0,0,0,0,0,0,0,0,0,0,0,0,0,0,0,0,0,0,1,1,0,0,0,0,0,0,0,1,0
culinarydb_5762,culinarydb,Irish Tacos,corned beef | cayenne pepper | cilantro | prepared coleslaw | lime | mayonnaise | salt to taste | flour tortilla | plain yogurt,,0,0,1,1,1,0,0,0,0,0,0,0,0,0,0,0,0,0,1,1,1,0,1,0,0,0,0,0,0,0,0,0,0,1,0,0,1,0,0,0,0,0,0,0
culinarydb_39428,culinarydb,Pecorino with Balsamic-and-Black-Pepper Syrup,mild honey | black pepper | young pecorino | balsamic vinegar,,0,0,0,1,0,0,0,0,0,0,0,0,0,0,0,0,0,0,0,0,0,0,0,0,1,0,0,0,0,0,0,0,0,0,0,0,1,0,0,0,0,0,1,0
culinarydb_42121,culinarydb,Lima Bean Paella,bay leaf | frozen baby lima bean | skinless boneless chicken thigh | garlic | smoked ham | olive oil | red onion | thyme | 16-ounce can italian-style tomato,,1,0,0,0,0,0,0,0,0,0,0,0,0,0,0,0,0,0,1,0,1,1,1,0,0,0,1,0,0,0,0,0,0,0,0,0,1,0,0,0,0,0,0,0
culinarydb_17910,culinarydb,Simple Cucumber Soup,butter | english cucumber | garlic | olive oil | yellow onion | vegetable broth | zucchinis,,0,0,0,1,0,0,0,0,0,0,0,0,0,0,0,0,0,0,0,0,0,0,0,0,0,0,1,0,0,0,0,0,0,0,0,0,0,0,0,0,0,0,1,0
foodcom_111613,foodcom,my chili,chuck roast | onion | garlic | tomato | red kidney bean | sun-dried tomatoes packed in oil | chili powder | cumin powder | red chili powder | pitted black olive | bottled water | yellow cornmeal | brown sugar,,0,0,0,0,0,0,0,0,0,0,0,0,0,0,0,0,0,0,1,1,1,0,0,0,0,0,1,0,0,0,0,0,0,0,0,0,1,0,0,0,1,0,0,0
foodcom_276322,foodcom,mom s cube steak,cube steak | onion | flour | vegetable oil | beef stew seasoning | water | salt | pepper,,0,0,1,0,0,0,0,0,0,0,0,0,0,0,0,0,0,0,1,1,1,0,0,0,0,0,1,0,0,0,0,0,0,1,0,0,1,0,0,0,0,0,0,0
foodcom_151169,foodcom,country ham and biscuit bake,biscuit dough | tiny pea | ham | margarine | onion | flour | black pepper | dry mustard | milk | mild cheddar cheese | potato,,1,0,1,1,0,0,0,0,0,0,0,0,0,1,0,0,0,0,1,0,1,0,1,0,0,1,1,0,0,0,0,0,0,0,0,0,1,0,0,0,0,1,0,0
foodcom_290513,foodcom,simple sweet sour chicken,pineapple chunk | tomato sauce | water | soy sauce | brown sugar | chicken thigh fillet | light olive oil | cornflour,,0,0,1,0,0,0,0,0,0,0,0,1,0,0,0,0,0,0,1,0,0,1,0,0,0,0,0,0,0,0,0,0,0,0,0,0,1,0,0,0,0,1,0,0
foodcom_390294,foodcom,philadelphia sticky buns,milk | sugar | salt | butter | warm water | yeast | egg | flour | light brown sugar | pecan half | raisin | cinnamon,,0,0,1,1,1,0,1,0,0,0,0,0,0,0,0,0,0,0,0,0,0,0,0,0,0,0,0,0,0,0,0,0,0,1,0,0,0,0,0,0,0,0,1,0
foodcom_196316,foodcom,coffee can cheese bread,milk | water | sugar | oil | salt | flour | yeast | egg | sharp cheddar cheese | pepper,,0,0,1,1,1,0,0,0,0,0,0,0,0,0,0,0,0,0,0,0,0,0,0,0,0,0,0,0,0,0,0,0,0,1,0,0,1,0,0,0,0,1,1,0
foodcom_225802,foodcom,black chocolate cake,flour | sugar | baking powder | baking soda | salt | unsweetened cocoa powder | shortening | water | brewed coffee | vanilla | egg,,0,0,1,0,1,0,0,0,0,0,0,0,0,0,0,0,0,0,0,0,0,0,0,0,0,0,0,0,0,0,0,0,1,1,0,0,0,0,0,0,0,0,1,0
foodcom_125176,foodcom,luby s style cafeteria cranberry fruit salad,sugar | water | cranberry | apple | orange | banana | walnut,,0,0,0,0,0,0,1,0,0,0,0,0,0,0,0,0,0,0,0,0,0,0,0,0,0,0,0,0,0,0,0,0,0,0,0,0,0,0,0,0,0,0,1,1
foodcom_154554,foodcom,apple crisp with corn flakes,apple | brown sugar | quaker oats | flour | corn flake | cinnamon | nutmeg | butter | apple juice,,0,0,1,1,0,0,0,0,0,0,0,0,0,0,0,0,0,0,0,0,0,0,0,0,0,0,0,0,0,0,0,0,0,0,0,0,0,0,0,0,0,0,1,0
foodcom_133241,foodcom,microwave spanish rice and lentil pilaf,lentil | brown rice | tomato | stock | basil | cinnamon | sugar | cheese,,0,0,0,1,0,0,0,0,0,0,0,0,0,0,0,0,0,0,0,0,0,0,0,0,0,0,0,0,0,0,0,0,0,0,0,0,1,0,0,0,0,0,1,0
foodcom_162365,foodcom,weight watchers 2 points creamed corn,light butter | green onion | frozen corn kernel | flour | skim milk | salt | black pepper,,0,0,1,1,0,0,0,0,0,0,0,0,0,0,0,0,0,0,0,0,0,0,0,0,0,0,1,0,0,0,0,0,0,1,0,0,1,0,0,0,0,0,1,0
foodcom_252586,foodcom,mexi egg scramble skillet,egg | tabasco sauce | baking powder | seasoning salt | black pepper | butter | onion | bell pepper | mushroom | green chily | mexican blend cheese,,0,0,0,1,1,0,0,0,0,0,0,0,0,0,0,0,0,0,0,0,0,0,0,0,0,0,1,0,1,0,0,0,0,1,0,0,1,0,0,0,0,0,1,0
foodcom_96096,foodcom,prize italian frosting,flour | milk | sugar | shortening | margarine | vanilla,,0,0,1,1,0,0,0,0,0,0,0,0,0,0,0,0,0,0,0,0,0,0,0,0,0,0,0,0,0,0,0,0,0,0,0,0,0,0,0,0,0,0,1,0
foodcom_154926,foodcom,bisquick sweet bread,bisquick heart smart mix | egg substitute | nonfat milk | splenda granular | sugar-free jam | unsweetened cocoa powder,,0,0,1,1,1,0,0,0,0,0,0,0,0,0,0,0,0,0,0,0,0,0,0,0,0,0,0,0,0,0,0,0,0,0,0,0,0,0,0,0,0,0,1,0
foodcom_263302,foodcom,healthy pumpkin oatmeal cookies,canned pumpkin | egg | egg white | brown sugar | flour | whole wheat flour | baking soda | cinnamon | nutmeg | ground clove | rolled oats | raisin,,0,0,1,0,1,0,0,0,0,0,0,0,0,0,0,0,0,0,0,0,0,0,0,0,0,0,0,0,0,0,0,0,0,0,0,0,0,0,0,0,0,0,1,0
foodcom_274354,foodcom,maple nut sticky buns,pecan | maple syrup | flour | sugar | fast-rising active dry yeast | salt | warm water | butter | egg | light brown sugar | cinnamon,,0,0,1,1,1,0,1,0,0,0,0,0,0,0,0,0,0,0,0,0,0,0,0,0,0,0,0,0,0,0,0,0,0,1,0,0,0,0,0,0,0,0,1,0
foodcom_318833,foodcom,garlic lover s shrimps,olive oil | red pepper flake | garlic | raw shrimp | salt | dry sherry | parsley | old bay seasoning,,0,1,0,0,0,0,0,0,1,1,0,0,0,0,1,0,0,1,1,0,0,0,0,0,0,0,1,0,0,0,0,0,0,1,0,0,1,0,1,0,0,0,0,0
foodcom_296032,foodcom,breakfast empanadas light version 3 pt,onion | olive oil | hash brown potato | frozen spinach | egg beaters egg substitute | lean bacon | refrigerated reduced-fat buttermilk biscuit | laughing cow light garlic and herb cheese,,1,0,1,1,1,0,0,0,0,0,0,0,0,0,0,0,0,0,1,0,1,0,1,0,0,1,1,0,0,0,0,0,0,0,0,0,1,0,0,1,0,0,0,0
foodcom_235728,foodcom,wasabi marinated beef satay with fiery japanese dipping sauce,sirloin steak | sesame seed | wasabi powder | water | soy sauce | olive oil | rice vinegar | brown sugar | seasoning | skewer | chive,,0,0,1,0,0,0,0,0,0,0,0,1,1,0,0,0,0,0,1,1,1,0,0,0,0,0,1,0,0,0,0,0,0,0,0,0,0,0,0,0,0,1,0,0
foodcom_311400,foodcom,fresh chinese cabbage salad,cabbage | cilantro | red onion | ginger | sesame oil | tamari | rice wine vinegar | honey | black pepper,,0,0,1,0,0,0,0,0,0,0,0,1,1,0,0,0,0,1,0,0,0,0,0,0,1,1,1,0,0,0,0,0,0,0,0,0,1,0,0,0,0,0,1,0
foodcom_457673,foodcom,healthy baked falafel,chickpea | garlic | onion | flat leaf parsley | tahini | whole wheat bread crumb | coriander | cumin | salt | white pepper | water | whole wheat flour | olive oil,,0,0,1,0,0,0,0,0,0,0,0,0,1,0,0,0,0,0,0,0,0,0,0,0,0,0,1,0,0,0,0,0,0,1,0,0,1,0,0,0,0,0,1,1
foodcom_323802,foodcom,easy layered taco bake,macaroni & cheese dinner mix | ground beef | taco seasoning mix | mild salsa,,0,0,1,1,0,0,0,0,0,0,0,0,0,0,0,0,0,0,1,1,1,0,0,0,0,0,0,0,0,0,0,0,0,0,0,0,0,0,0,0,0,0,0,0
foodcom_326323,foodcom,fruity smoothie,frozen fruit | greek yogurt | orange juice | berry,,0,0,0,1,0,0,0,0,0,0,0,0,0,0,0,0,0,0,0,0,0,0,0,0,0,0,0,0,0,0,0,0,0,0,0,0,0,0,0,0,0,0,1,0
foodcom_458062,foodcom,creamy polenta,cornmeal | gruyere | creme fraiche | salt | black pepper,,0,0,0,1,0,0,0,0,0,0,0,0,0,0,0,0,0,0,0,0,0,0,0,0,0,0,0,0,0,0,0,0,0,1,0,0,1,0,0,0,0,0,1,0
foodcom_180271,foodcom,rachael rays vegetable couscous,olive oil | bay leaf | onion | zucchini | yellow squash | salt | black pepper | canned pumpkin | chicken broth | ground cumin | coriander seed | couscous | tomato | cilantro | flat leaf parsley | flat bread,,0,0,1,0,0,0,0,0,0,0,0,0,0,0,0,0,0,0,1,0,0,1,0,0,0,0,1,0,0,0,0,0,0,1,0,0,1,0,0,0,0,0,0,0
foodcom_399927,foodcom,greek pasta pie,elbow macaroni | egg | parmesan cheese | margarine | cottage cheese | frozen chopped spinach | ground lamb | onion | green pepper | tomato sauce | ground cinnamon | feta cheese,,0,0,1,1,1,0,0,0,0,0,0,0,0,0,0,0,0,0,1,0,1,0,0,0,0,0,1,0,0,0,0,0,0,0,0,0,1,0,0,1,0,1,0,0
foodcom_139900,foodcom,double ginger crinkle cookies,shortening | sugar | egg | molasses | flour | salt | candied ginger | ground ginger | cinnamon | clove,,0,0,1,0,1,0,0,0,0,0,0,0,0,0,0,0,0,0,0,0,0,0,0,0,0,1,0,0,0,0,0,0,0,1,0,0,0,0,0,0,0,0,1,0
foodcom_77835,foodcom,ham n cheese mashed potatoes,garlic salt | mashed potato | cooked ham | whipping cream | cheddar cheese,,1,0,0,1,0,0,0,0,0,0,0,0,0,0,0,0,0,0,1,0,1,0,1,0,0,1,1,0,0,0,0,0,0,1,0,0,1,0,0,0,0,1,0,0
foodcom_138183,foodcom,mediterranean salmon,tomato | olive oil | red wine vinegar | nicoise olive | red onion | caper | salt | pepper | salmon fillet | basil,,0,0,0,0,0,0,0,1,0,0,0,0,0,0,0,0,0,1,1,0,0,0,0,0,0,0,1,0,0,0,0,0,0,1,0,0,1,0,0,0,0,0,0,0
foodcom_398859,foodcom,orange cranberry bran muffins,all-bran cereal | wheat bran | buttermilk | egg | canola oil | boiling water | sugar substitute | frozen orange juice concentrate | orange zest | vanilla extract | whole wheat flour | ground flax seed | baking soda | cinnamon | ground ginger | salt | cranberry,,0,0,1,1,1,0,0,0,0,0,0,0,0,0,0,0,0,0,0,0,0,0,0,0,0,1,0,0,0,0,0,0,0,1,1,0,0,0,0,0,0,0,1,0
foodcom_357509,foodcom,pork green chile stew,chily | pork shoulder | masa corn flour | oil | yellow onion | butter | chicken stock | yukon gold potato | carrot | corn | roma tomato | garlic | oregano | thyme | cumin seed | salt | masa harina flour,,1,0,1,1,0,0,0,0,0,0,0,0,0,0,0,0,0,0,1,0,1,1,0,0,0,1,1,0,0,0,0,0,0,1,0,0,1,0,0,0,0,0,0,0
foodcom_75933,foodcom,steamed broccoli and corn with marjoram,frozen corn | broccoli | water | marjoram,,0,0,0,0,0,0,0,0,0,0,0,0,0,0,0,0,0,0,0,0,0,0,0,0,0,0,0,0,0,0,0,0,0,0,0,0,0,0,0,0,0,0,1,1
foodcom_191778,foodcom,bourbon sausage dogs,brown sugar | ketchup | bourbon | onion | polish sausage | relish | hot dog bun,,1,1,1,0,0,0,0,0,0,0,0,0,0,0,0,0,0,0,1,0,1,0,1,0,0,0,1,0,0,0,0,0,0,0,0,0,0,0,0,0,0,0,0,0
foodcom_468838,foodcom,kentucky chicken wings,chicken wing | maple syrup | whiskey | butter | five-spice powder | orange wedge | pineapple slice,,0,1,0,1,0,0,0,0,0,0,0,0,0,0,0,0,0,0,1,0,0,1,0,0,0,0,0,0,0,0,0,0,0,0,0,0,0,0,0,0,0,0,0,0
foodcom_120882,foodcom,twinkie bread pudding,hostess twinky | sweetened condensed milk | egg | ground cinnamon | salt | milk chocolate chip,,0,0,1,1,1,0,0,0,0,0,0,0,0,0,0,0,0,0,0,0,0,0,0,0,0,0,0,0,0,0,0,0,0,1,0,0,0,0,0,0,0,0,1,0
foodcom_47432,foodcom,don t throw away that turkey carcass,turkey carcass | bay leaf | onion | carrot | thyme,,0,0,0,0,0,0,0,0,0,0,0,0,0,0,0,0,0,0,1,0,0,1,0,0,0,1,1,0,0,0,0,0,0,0,0,0,0,0,0,0,0,0,0,0
foodcom_208324,foodcom,poppy seed beer bread,flour | baking powder | baking soda | beer | sugar | poppy seed | sesame seed,,0,1,1,0,0,0,0,0,0,0,0,0,1,0,0,0,0,0,0,0,0,0,0,0,0,0,0,0,0,0,0,0,0,0,0,0,0,0,0,0,0,0,1,1
foodcom_416885,foodcom,the confederate widow s shortbread,flour | cornstarch | powdered sugar | salt | butter | pure vanilla extract,,0,0,1,1,0,0,0,0,0,0,0,0,0,0,0,0,0,0,0,0,0,0,0,0,0,0,0,0,0,0,0,0,0,1,1,0,0,0,0,0,0,0,1,0
foodcom_503179,foodcom,chilis copycat skillet queso by todd wilbur,velveeta cheese | no-bean chili | milk | paprika | ground cumin | ground cayenne pepper | chili powder | lime juice,,0,0,0,1,0,0,0,0,0,0,0,0,0,0,0,0,0,0,0,0,0,0,0,0,0,0,0,0,0,0,0,0,0,0,0,0,1,0,0,0,0,0,1,0
foodcom_203787,foodcom,really yummy wheat bread bread machine,warm water | white flour | wheat flour | salt | honey | dry milk | shortening | yeast,,0,0,1,1,0,0,0,0,0,0,0,0,0,0,0,0,0,0,0,0,0,0,0,0,1,0,0,0,0,0,0,0,0,1,0,0,0,0,0,0,0,0,1,0
foodcom_282710,foodcom,couscous pilaf with saffron cream,olive oil | coriander seed | red bell pepper | cayenne pepper | ground cinnamon | chicken stock | saffron thread | couscous | thyme | egg | mint | cream cheese | sour cream,,0,0,1,1,1,0,0,0,0,0,0,0,0,0,0,0,0,0,1,0,0,1,0,0,0,0,0,0,0,0,0,0,0,0,0,0,1,0,0,1,0,0,0,0
foodcom_93118,foodcom,bread machine moravian lovefeast bread,dry yeast | bread flour | orange zest | ground nutmeg | ground mace | salt | sugar | nonfat dry milk powder | butter | mashed potato | water | orange juice | egg,,0,0,1,1,1,0,0,0,0,0,0,0,0,0,0,0,0,0,0,0,0,0,0,0,0,1,0,0,0,0,0,0,0,1,0,0,1,0,0,0,0,0,1,0
foodcom_56281,foodcom,chocolate pumpkin mini cakes,yellow cake mix | sugar-free instant chocolate pudding mix | pumpkin | water | egg substitute,,0,0,1,0,1,0,0,0,0,0,0,0,0,0,0,0,0,0,0,0,0,0,0,0,0,0,0,0,0,0,0,0,0,0,0,0,0,0,0,0,0,0,1,0
foodcom_36930,foodcom,creamy banana pudding,eagle brand condensed milk | whipping cream | cold water | vanilla wafer | vanilla flavor instant pudding and pie filling mix | banana | lemon juice,,0,0,0,1,0,0,0,0,0,0,0,0,0,0,0,0,0,0,0,0,0,0,0,0,0,0,0,0,0,0,0,0,0,0,0,0,0,0,0,0,0,0,1,0
foodcom_48888,foodcom,clark bar squares,graham cracker | peanut butter | margarine | powdered sugar | milk chocolate chip | eagle brand condensed milk,,0,0,1,1,0,1,0,0,0,0,0,0,0,0,0,0,0,0,0,0,0,0,0,0,0,0,0,0,0,0,0,0,0,0,0,0,0,0,0,0,0,0,1,0
foodcom_110456,foodcom,surf and turf asian style,filet mignon | vegetable oil | green onion | ginger | garlic | cornstarch | rice wine | low sodium chicken broth | oyster sauce | soy sauce | sesame oil | medium shrimp | szechuan peppercorn,,0,1,1,0,0,0,0,0,1,1,1,1,1,0,0,0,0,1,1,1,1,1,0,0,0,1,1,0,0,0,0,0,0,0,0,0,0,0,0,0,0,1,0,0
foodcom_341244,foodcom,yellow broth,butter | onion | celery rib | carrot | flour | chicken stock | oatmeal | spinach | heavy cream | salt | black pepper | parsley,,0,0,1,1,0,0,0,0,0,0,0,0,0,0,1,0,0,0,1,0,0,1,0,0,0,1,1,0,0,0,0,0,0,1,0,0,1,0,0,0,0,0,0,0
foodcom_361492,foodcom,southwest nacho casserole,lean ground beef | water | taco seasoning mix | green chily | refried bean | cheddar cheese | tomato | green onion | ripe olive | tortilla chip | sour cream,,0,0,1,1,0,0,0,0,0,0,0,0,0,0,0,0,0,0,1,1,1,0,0,0,0,0,1,0,0,0,0,0,0,0,0,0,1,0,0,0,0,1,0,0
foodcom_348750,foodcom,homemade egg foo yong w egg beaters,egg beaters egg substitute | water | soy sauce | bean sprout | green onion | cornstarch | beef broth,,0,0,1,0,1,0,0,0,0,0,0,1,0,0,0,0,0,0,1,1,1,0,0,0,0,0,1,0,0,0,0,0,0,0,0,0,0,0,0,0,0,1,0,0
foodcom_295258,foodcom,cottage cheese cinnamon rolls,cottage cheese | sugar | egg | oil | milk | baking powder | flour | brown sugar | cinnamon | butter | honey,,0,0,1,1,1,0,0,0,0,0,0,0,0,0,0,0,0,0,0,0,0,0,0,0,1,0,0,0,0,0,0,0,0,0,0,0,0,0,0,1,0,0,1,0
hf_32043,huggingface,Cheese and Pepper stuffed Grilled Chicken Breasts,olive oil | onion | bell pepper | boneless skinless chicken breast | provolone | seasoning | salt | pepper,https://gimmedelicious.com/cheese-and-pepper-stuffed-chicken-breasts,0,0,0,1,0,0,0,0,0,0,0,0,0,0,0,0,0,0,1,0,0,1,0,0,0,0,1,0,0,0,0,0,0,1,0,0,1,0,0,0,0,0,0,0
hf_28987,huggingface,Spinach and Artichoke-Stuffed Crescents Recipe,cream cheese | mozzarella cheese | parmesan cheese | artichoke heart | spinach | dinner roll | egg,https://completerecipes.com/spinach-and-artichoke-stuffed-crescents-recipe.html,0,0,1,1,1,0,0,0,0,0,0,0,0,0,0,0,0,0,0,0,0,0,0,0,0,0,0,0,0,0,0,0,0,0,0,0,0,0,0,1,0,1,1,0
hf_30801,huggingface,Baked Chayote Squash,chayote | egg | heavy cream | parmesan cheese | cheddar cheese | butter | bread crumb,https://www.allrecipes.com/recipe/214870/baked-chayote-squash,0,0,1,1,1,0,0,0,0,0,0,0,0,0,0,0,0,0,0,0,0,0,0,0,0,0,0,0,0,0,0,0,0,0,0,0,0,0,0,0,0,1,1,0
hf_3961,huggingface,Chicken Pineapple Kabobs,soy sauce | brown sugar | sesame oil | ground ginger | garlic powder | chicken breast | pineapple | bbq sauce,https://www.justapinch.com/recipes/main-course/chicken/chicken-pineapple-kabobs-2.html,0,0,1,0,0,0,0,0,0,0,0,1,1,0,0,0,0,0,1,0,0,1,0,0,0,1,1,0,0,0,0,0,0,0,0,0,0,0,0,0,0,1,0,0
hf_30487,huggingface,Tomato & Fennel Soup,heirloom tomato | fennel | leek | red onion | garlic | kombu | fennel seed | thyme sprig | water | coconut oil | salt | lemon,http://thecrushingcancerkitchen.com/?p=901,0,0,0,0,0,0,0,0,0,0,0,0,0,0,0,0,0,0,0,0,0,0,0,0,0,0,1,0,0,0,0,0,0,1,0,0,1,0,0,0,0,0,1,1
hf_36507,huggingface,Quick and Easy Salad,romaine lettuce | sundried tomato | caper | parmesan cheese | blue cheese,http://tabsandtidbits.com/quick-and-easy-salad/,0,0,0,1,0,0,0,0,0,0,0,0,0,0,0,0,0,0,0,0,0,0,0,0,0,0,0,0,0,0,0,0,0,0,0,0,1,0,0,1,0,1,1,0
hf_3853,huggingface,Shrimp with Mushrooms Recipe,shrimp | chicken bouillon granule | water | soft bread crumb | mushroom | celery | butter | garlic powder | pepper sauce,http://recipeofhealth.com/recipe/shrimp-with-mushrooms-728750rb,0,0,1,1,0,0,0,0,1,1,0,0,0,0,1,0,0,0,1,0,0,1,0,0,0,0,1,0,1,0,0,0,0,0,0,0,1,0,0,0,0,0,0,0
hf_8110,huggingface,Not-So-Sloppy Joes,olive oil | yellow onion | garlic | red bell pepper | ground beef | tomato paste | chili powder | cumin | salt | black pepper | cinnamon | hamburger bun | cheddar | sour cream,https://www.realsimple.com/food-recipes/browse-all-recipes/not-so-sloppy-joes,0,0,1,1,0,0,0,0,0,0,0,0,0,0,0,0,0,0,1,1,1,0,0,0,0,0,1,0,0,0,0,0,0,1,0,0,1,0,0,0,0,1,0,0
hf_13718,huggingface,Jessica rabbit cocktail,strawberry | cherry tomato | agave syrup | lime juice | mezcal | tequila | pineapple juice | ice | mint,https://www.bbcgoodfood.com/recipes/jessica-rabbit-cocktail,0,1,0,0,0,0,0,0,0,0,0,0,0,0,0,0,0,0,1,0,1,0,0,0,0,0,0,0,0,0,0,0,0,0,0,0,1,0,0,0,0,0,0,0
hf_3754,huggingface,"Wild Rice, Italian Sausage and Shiitake Stuffing",broth | shiitake mushroom | wild rice | bay leaf | coarse salt | italian sausage | meat | olive oil | onion | pepper | granny smith | fennel seed,https://www.foodandwine.com/recipes/wild-rice-italian-sausage-and-shiitake-stuffing,1,0,0,0,0,0,0,0,0,0,0,0,0,0,0,0,0,0,1,0,1,0,1,0,0,0,1,0,1,0,0,0,0,1,0,0,1,0,0,0,0,0,0,0
hf_26471,huggingface,Fragrant cucumber & yogurt soup,cucumber | greek yogurt | chicken stock | garlic | mint leaf | flatbread,https://www.bbcgoodfood.com/recipes/fragrant-cucumber-yogurt-soup,0,0,0,1,0,0,0,0,0,0,0,0,0,0,0,0,0,0,1,0,0,1,0,0,0,0,1,0,0,0,0,0,0,0,0,0,0,0,0,0,0,0,0,0
hf_19168,huggingface,Pea Soup,butter | onion | frozen pea | curry powder | cream | salt | tabasco | caster sugar | bread,http://www.greatbritishchefs.com/recipes/pea-soup-recipe,0,0,1,1,0,0,0,0,0,0,0,0,0,0,0,0,0,0,0,0,0,0,0,0,0,0,1,0,0,0,0,0,0,1,0,0,0,0,0,0,0,0,1,0
hf_1666,huggingface,Stout Skirt Steak,beer | olive oil | red wine vinegar | dark brown sugar | garlic | pepper sauce | skirt steak,https://www.allrecipes.com/recipe/241033/stout-skirt-steak,0,1,1,0,0,0,0,0,0,0,0,0,0,0,0,0,0,1,1,0,1,0,0,0,0,0,1,0,0,0,0,0,0,0,0,0,1,0,0,0,0,0,0,0
hf_31138,huggingface,Chairman’s Refresher,cucumber | liqueur | coconut water | white rum,https://www.saveur.com/article/Recipes/Chairmans-Refresher-Cocktail/,0,1,0,0,0,0,0,0,0,0,0,0,0,0,0,0,0,0,0,0,0,0,0,0,0,0,0,0,0,0,0,0,0,0,0,0,0,0,0,0,0,0,1,1
hf_12911,huggingface,Zucchini and bacon mini quiches,cheddar | zucchini | onion | capsicum | bacon | egg | flour | olive oil | salt | pepper,https://www.recipecommunity.com.au/baking-savoury-recipes/zucchini-and-bacon-mini-quiches/fyc46q47-891a3-261053-cfcd2-3qg5dses,1,0,1,1,1,0,0,0,0,0,0,0,0,0,0,0,0,0,1,0,1,0,1,0,0,0,1,0,0,0,0,0,0,1,0,0,1,0,0,0,0,1,0,0
hf_38419,huggingface,Homemade BBQ Sweet Rib Sauce,ketchup | brown sugar | mustard | onion powder | garlic powder | white pepper,https://www.multitestingmommy.com/2015/07/sweet-rib-sauce.html,0,0,0,0,0,0,0,0,0,0,0,0,0,1,0,0,0,0,0,0,0,0,0,0,0,0,1,0,0,0,0,0,0,0,0,0,1,0,0,0,0,0,1,1
hf_23969,huggingface,"Bombay Chutney, Kadala Maavu Chutney Recip",salt | turmeric | tomato | flour | water,http://www.kannammacooks.com/bombay-chutney-kadala-maavu-chutney-recipe/,0,0,1,0,0,0,0,0,0,0,0,0,0,0,0,0,0,0,0,0,0,0,0,0,0,0,0,0,0,0,0,0,0,1,0,0,1,0,0,0,0,0,1,1
hf_38881,huggingface,Crisp Fennel and Cabbage Slaw,onion | fennel | cabbage | mayonnaise | cider vinegar | sugar | celery seed | salt | pepper,http://www.foodista.com/recipe/7XKBTB6G/crisp-fennel-and-cabbage-slaw,0,0,0,0,1,0,0,0,0,0,0,0,0,0,1,0,0,0,0,0,0,0,0,0,0,0,1,0,0,0,0,0,0,1,0,0,1,0,0,0,0,0,1,0
hf_18329,huggingface,Lemon Linguine Recipe,salt | black pepper | parmesan cheese | rocket | olive oil | pasta | basil | lemon,http://www.jamieoliver.com/recipes/pasta-recipes/lemon-linguine,0,0,1,1,0,0,0,0,0,0,0,0,0,0,0,0,0,0,0,0,0,0,0,0,0,0,0,0,0,0,0,0,0,1,0,0,1,0,0,0,0,1,1,0
hf_33814,huggingface,Light-as-Air Pandan Chiffon Cake,pandan | water | egg | cake flour | sugar | coconut | baking powder | salt | unsweetened coconut milk | vegetable oil | cream of tartar,https://www.thekitchn.com/pandan-cake-recipe-23471017,0,0,1,1,1,0,0,0,0,0,0,0,0,0,0,0,0,0,0,0,0,0,0,0,0,0,0,0,0,0,0,0,0,1,0,0,0,0,0,0,0,0,1,0
hf_21008,huggingface,Grilled Portobello Mushrooms,garlic | olive oil | portobello mushroom,http://www.foodista.com/recipe/RX2X5TCJ/grilled-portobello-mushrooms,0,0,0,0,0,0,0,0,0,0,0,0,0,0,0,0,0,0,0,0,0,0,0,0,0,0,1,0,1,0,0,0,0,0,0,0,0,0,0,0,0,0,1,1
hf_14203,huggingface,Crunchy Asian Cucumber & Tomatoes recipes,cucumber | roma tomato | dill | vinegar | sesame oil | water | sugar | salt | pepper | sesame seed,https://welaughwecrywecook.com/2012/05/03/crispy-oriental-cucumber-tomato-salad/,0,0,0,0,0,0,0,0,0,0,0,0,1,0,0,0,0,0,0,0,0,0,0,0,0,0,0,0,0,0,0,0,0,1,0,0,1,0,0,0,0,0,1,1
hf_945,huggingface,Homemade Nestlé Crunch Bar Wedding Favors,semi-sweet chocolate | puffed rice cereal,http://www.abrideonabudget.com/2018/09/homemade-nestle-crunch-bar-wedding-favors.html,0,0,1,0,0,0,0,0,0,0,0,0,0,0,0,0,0,0,0,0,0,0,0,0,0,0,0,0,0,0,0,0,0,0,0,0,0,0,0,0,0,0,1,1
hf_29421,huggingface,Spinach Chicken Salad with Mango Dressing,mango | cashew | olive oil | water | salt | ground pepper | spinach | red bell pepper | chicken breast,http://www.eatingwell.com/recipe/268943/spinach-chicken-salad-with-mango-dressing/,0,0,0,0,0,0,1,0,0,0,0,0,0,0,0,0,0,0,1,0,0,1,0,0,0,0,0,0,0,0,0,0,0,1,0,0,1,0,0,0,0,0,0,0
hf_32822,huggingface,Veg.Kolhapuri,mixed vegetable | onion | tomato | cream | chili pepper | masala | coriander | jeera | saunf | red chili pepper | turmeric | cardamom pod | clove | cinnamon stick | oil | salt,http://www.food.com/recipe/veg-kolhapuri-504930,0,0,0,1,0,0,0,0,0,0,0,0,0,0,0,0,0,0,0,0,0,0,0,0,0,0,1,0,0,0,0,0,0,1,0,0,1,0,0,0,0,0,1,0
hf_27179,huggingface,Banana Poi,banana | lemon juice | coconut cream,http://www.food.com/recipe/banana-poi-18901,0,0,0,1,0,0,0,0,0,0,0,0,0,0,0,0,0,0,0,0,0,0,0,0,0,0,0,0,0,0,0,0,0,0,0,0,0,0,0,0,0,0,1,0
hf_15517,huggingface,Slow-Roasted Salmon with Harissa,olive oil | harissa | garlic | lemon | salmon | salt | herb,https://www.bonappetit.com/recipe/slow-roasted-salmon-with-harissa,0,0,0,0,0,0,0,1,0,0,0,0,0,0,0,0,0,0,1,0,0,0,0,0,0,0,1,0,0,0,0,0,0,1,0,0,0,0,0,0,0,0,0,0
hf_8010,huggingface,Oatmeal to the Max,oatmeal | water | raisin | fiber one cereal | pumpkin puree | wheat germ | flax seed | cinnamon | banana,http://www.food.com/recipe/oatmeal-to-the-max-307754,0,0,1,0,0,0,0,0,0,0,0,0,0,0,0,0,0,0,0,0,0,0,0,0,0,0,0,0,0,0,0,0,0,0,0,0,0,0,0,0,0,0,1,1
hf_24175,huggingface,Maple Cinnamon Granola recipes,oatmeal | nut | dried fruit | vanilla | cinnamon | salt | brown sugar | maple syrup,http://cookingontheside.com/maple-cinnamon-granola/,0,0,1,0,0,1,0,0,0,0,0,0,0,0,0,0,0,1,0,0,0,0,0,0,0,0,0,0,0,0,0,0,0,1,0,0,0,0,0,0,0,0,1,1
hf_21230,huggingface,Chicken-And-Biscuit Pot Pie,butter | yellow onion | carrot | celery | green bean | flour | chicken broth | boneless | parsley | biscuit | thyme | salt | black pepper | buttermilk biscuit,https://www.southernliving.com/recipes/chicken-and-biscuit-pot-pie,0,0,1,1,0,0,0,0,0,0,0,0,0,0,1,0,0,0,1,0,0,1,0,0,0,1,1,0,0,0,0,0,0,1,0,0,1,0,0,0,0,0,0,0
hf_15386,huggingface,Cardamom Almond Half Moons Recipe,flour | salt | butter | sugar | cardamom | almond extract | almond,http://www.grouprecipes.com/50477/cardamom-almond-half-moons.html,0,0,1,1,0,0,1,0,0,0,0,0,0,0,0,0,0,0,0,0,0,0,0,0,0,0,0,0,0,0,0,0,0,1,1,0,0,0,0,0,0,0,1,0
hf_36344,huggingface,Slower Cooker Spiced Mulled Wine (Heißen Glühwein) recipes,merlot | lemon | navel orange | apple juice | cinnamon stick | knob of ginger | clove | berry | cane sugar,http://www.mindbodysoul-food.com/blog/slower-cooker-spiced-mulled-wine-heissen-gluhwein,0,1,0,0,0,0,0,0,0,0,0,0,0,0,0,0,0,1,0,0,0,0,0,0,0,1,0,0,0,0,0,0,0,0,0,0,0,0,0,0,0,0,1,1
hf_25917,huggingface,Easy Mint Chip Ice Cream,sweetened condensed milk | water | peppermint | food coloring | heavy whipping cream | semisweet chocolate chip,https://www.allrecipes.com/recipe/123513/easy-mint-chip-ice-cream/,0,0,0,1,0,0,0,0,0,0,0,0,0,0,0,0,0,0,0,0,0,0,0,0,0,0,0,0,0,0,0,0,0,0,0,0,0,0,0,0,0,0,1,0
hf_36086,huggingface,Rosemary Potatoes,russet potato | rosemary | garlic | vegetable oil | salt | black pepper,https://www.foodnetwork.com/recipes/tyler-florence/rosemary-potatoes-2712493,0,0,0,0,0,0,0,0,0,0,0,0,0,0,0,0,0,0,0,0,0,0,0,0,0,1,1,0,0,0,0,0,0,1,0,0,1,0,0,0,0,0,1,1
hf_18871,huggingface,Roasted Bone-In Lamb Leg with Rosemary and Lemon,leg of lamb | olive oil | salt | black pepper | rosemary | lemon,http://www.thedailymeal.com/recipes/roasted-bone-lamb-leg-rosemary-and-lemon-recipe,0,0,0,0,0,0,0,0,0,0,0,0,0,0,0,0,0,0,1,0,1,0,0,0,0,0,0,0,0,0,0,0,0,1,0,0,1,0,0,0,0,0,0,0
hf_30505,huggingface,Charlotte's Butternut Squash Fries,butternut squash | olive oil | paprika | garlic | thyme | salt,https://www.allrecipes.com/recipe/235550/charlottes-butternut-squash-fries,0,0,0,0,0,0,0,0,0,0,0,0,0,0,0,0,0,0,0,0,0,0,0,0,0,0,1,0,0,0,0,0,0,1,0,0,1,0,0,0,0,0,1,1
hf_1521,huggingface,Layered Mediterranean Salad recipes,cheese tortellini | italian dressing | cherry | feta cheese | red onion | roasted red bell pepper | basil | cucumber | artichoke heart | black olive | salt | black pepper | parmesan cheese,http://www.lanascooking.com/2010/07/27/layered-mediterranean-salad/,0,0,0,1,0,0,0,0,0,0,0,0,0,0,0,0,0,0,0,0,0,0,0,0,0,0,1,0,0,0,0,0,0,1,0,0,1,0,0,1,0,1,1,0
hf_17159,huggingface,"Spaghetti with Baked Brie, Mushrooms & Spinach",mushroom | onion | olive oil | garlic | italian seasoning | salt | ground pepper | brie | whole-wheat spaghetti | spinach | balsamic vinegar,https://www.eatingwell.com/recipe/7908816/spaghetti-with-baked-brie-mushrooms-spinach,0,0,1,1,0,0,0,0,0,0,0,0,0,0,0,0,0,0,0,0,0,0,0,0,0,0,1,0,1,0,0,0,0,1,0,0,1,0,0,1,0,0,1,0
hf_4492,huggingface,White Chocolate Cherry Pistachio Bark Recipe,dried cherry | water | white chocolate | candy | pistachio,http://www.grouprecipes.com/72498/white-chocolate-cherry-pistachio-bark.html,0,0,0,0,0,0,1,0,0,0,0,0,0,0,0,0,0,0,0,0,0,0,0,0,0,0,0,0,0,0,0,0,0,0,0,0,0,0,0,0,0,0,1,1
hf_1225,huggingface,"Quinoa Salad with Asparagus, Cherry Tomatoes and Pecans",cooked quinoa | asparagus | cherry | arugula | pecan | feta cheese | red onion | olive oil | garlic | lemon | pepper | salt,https://greenvalleykitchen.com/quinoa-salad-asparagus-cherry-tomatoes-pecans/,0,0,0,1,0,0,1,0,0,0,0,0,0,0,0,0,0,0,0,0,0,0,0,0,0,0,1,0,0,0,0,0,0,1,0,0,1,0,0,1,0,0,1,0
hf_22689,huggingface,Summer Skin Glow Smoothie: Pineapple + Goji Berry,pineapple | goji berry | lime,https://mariamarlowe.com/recipe/summer-skin-glow-smoothie-pineapple-goji-berry,0,0,0,0,0,0,0,0,0,0,0,0,0,0,0,0,0,0,0,0,0,0,0,0,0,0,0,0,0,0,0,0,0,0,0,0,1,0,0,0,0,0,1,1
hf_12497,huggingface,Brussels Sprouts-Bacon Stuffing,butter | bacon | brussels sprout | salt | onion | celery | chestnut | garlic | thyme | sage | pepper | low-sodium chicken broth | egg | multigrain bread | parsley,https://www.foodnetwork.com/recipes/food-network-kitchen/brussels-sproutsbacon-stuffing-7526628,1,0,1,1,1,0,1,0,0,0,0,0,0,0,1,0,0,0,1,0,1,1,1,0,0,0,1,0,0,0,0,0,0,1,0,0,1,0,0,0,0,0,0,0
hf_19717,huggingface,Lemon-Butter Snow Peas Recipe,snow pea | water | garlic | butter | lemon juice | italian seasoning,http://www.tasteofhome.com/Recipes/Lemon-Butter-Snow-Peas,0,0,0,1,0,0,0,0,0,0,0,0,0,0,0,0,0,0,0,0,0,0,0,0,0,0,1,0,0,0,0,0,0,0,0,0,0,0,0,0,0,0,1,0
hf_15439,huggingface,Chocolate Peanut Butter Cups,peanut butter | salt | powdered sugar | chocolate chip,https://www.foodnetwork.com/recipes/chocolate-peanut-butter-cups-recipe-2202762,0,0,0,1,0,1,0,0,0,0,0,0,0,0,0,0,0,0,0,0,0,0,0,0,0,0,0,0,0,0,0,0,0,1,0,0,0,0,0,0,0,0,1,0
hf_27552,huggingface,Sunchoke Lemongrass and Leek Soup,butter | leek | shallot | garlic | lemongrass | sunchoke | chicken broth | heavy cream | ground nutmeg | salt | black pepper | lemon zest | chive,https://food52.com/recipes/3051-sunchoke-lemongrass-and-leek-soup,0,0,0,1,0,0,0,0,0,0,0,0,0,0,0,0,0,0,1,0,0,1,0,0,0,1,1,0,0,0,0,0,0,1,0,0,1,0,0,0,0,0,0,0
hf_15428,huggingface,3-in-1 brown-buttered winter vegetables,carrot | brussels sprout | leek | butter | sage,https://www.bbcgoodfood.com/recipes/3-1-brown-buttered-winter-vegetables,0,0,0,1,0,0,0,0,0,0,0,0,0,0,0,0,0,0,0,0,0,0,0,0,0,1,1,0,0,0,0,0,0,0,0,0,0,0,0,0,0,0,1,0
hf_8541,huggingface,Grilled Lemon Ginger Chicken recipes,chicken breast | lemon juice | olive oil | garlic | ginger | parsley | honey | thyme | salt | black pepper,http://bbq.about.com/od/chickenrecipes/r/bl0610018d.htm,0,0,0,0,0,0,0,0,0,0,0,0,0,0,0,0,0,0,1,0,0,1,0,0,1,1,1,0,0,0,0,0,0,1,0,0,1,0,0,0,0,0,0,0
hf_27548,huggingface,chawli usal recipe,bean | water | turmeric | chilli powder | masala | onion | tomato | oil | coconut | ginger | garlic | fennel seed | coriander seed,http://www.vegrecipesofindia.com/chawli-usal/,0,0,0,0,0,0,0,0,0,0,0,0,0,0,0,0,0,0,0,0,0,0,0,0,0,1,1,0,0,0,0,0,0,0,0,0,1,0,0,0,0,0,1,1
hf_6777,huggingface,Pinacolada Banana Smoothie,pineapple | banana | coconut milk | coconut,https://tastykitchen.com/recipes/drinks/pinacolada-banana-smoothie/,0,0,0,1,0,0,0,0,0,0,0,0,0,0,0,0,0,0,0,0,0,0,0,0,0,0,0,0,0,0,0,0,0,0,0,0,0,0,0,0,0,0,1,0
hf_28770,huggingface,Healthy Almond Butter Granola,rolled oats | chia seed | cinnamon | banana | vanilla extract | avocado oil | honey | almond butter,https://www.morganicmind.com/healthy-almond-butter-granola/,0,0,1,1,0,0,1,0,0,0,0,0,0,0,0,0,0,0,0,0,0,0,0,0,1,0,0,0,0,0,0,0,0,0,1,0,0,0,0,0,0,0,1,0
themealdb_53202,themealdb,Thai-style steamed fish,trout | ginger | garlic | red chilli | lime | baby pak koi | soy sauce,https://www.bbcgoodfood.com/recipes/thai-style-steamed-fish,0,0,1,0,0,0,0,1,0,0,0,1,0,0,0,0,0,0,1,0,0,0,0,0,0,1,1,0,0,0,0,0,0,0,0,0,1,0,0,0,0,1,0,0
themealdb_53423,themealdb,Meang Nem,dried shrimp | rice | coconut | orange zest | chilli | peanut | pickled scallion head | pickled scallion head brine | galangal | shallot | orange juice | lime juice | fish sauce | palm sugar,https://www.chefnak.com/meang-nem,0,0,0,0,0,1,0,1,1,1,0,0,0,0,0,0,0,0,1,0,0,0,0,0,0,0,1,0,0,0,0,0,0,0,0,0,1,0,0,0,0,1,0,0
themealdb_53475,themealdb,Brazilian chocolate truffles - brigadeiro,butter | condensed milk | cocoa powder | vanilla extract | pistachio | almond | desiccated coconut,https://www.bbcgoodfood.com/recipes/brazilian-chocolate-truffles-brigadeiro,0,0,0,1,0,0,1,0,0,0,0,0,0,0,0,0,0,0,0,0,0,0,0,0,0,0,0,0,0,0,0,0,0,0,1,0,0,0,0,0,0,0,1,0
themealdb_53122,themealdb,Fiskesuppe (Creamy Norwegian Fish Soup),fish fillet | garlic | potato | carrot | leek | butter | flour | fish stock | milk | creme fraiche | shrimp | chive,https://scandinaviancookbook.com/fiskesuppe-creamy-norwegian-fish-soup/,0,0,1,1,0,0,0,1,1,1,0,0,0,0,0,0,0,0,1,0,0,0,0,0,0,1,1,0,0,0,0,0,0,0,0,0,1,0,0,0,0,0,0,0
themealdb_52833,themealdb,Salted Caramel Cheescake,digestive biscuit | pretzel | butter | cream cheese | vanilla extract | icing sugar | caramel | salt | double cream | caramel sauce | toffee popcorn,http://www.janespatisserie.com/2015/11/09/no-bake-salted-caramel-cheesecake/,0,0,1,1,0,0,0,0,0,0,0,0,0,0,0,0,0,0,0,0,0,0,0,0,0,0,0,0,0,0,0,0,0,1,1,0,0,0,0,1,0,0,1,0
themealdb_53163,themealdb,Spanish fig & almond balls,almond | fig | dried apricot | dried cranberry | brandy | clear honey | clove | sesame seed,https://www.bbcgoodfood.com/recipes/spanish-fig-almond-balls,0,1,0,0,0,0,1,0,0,0,0,0,1,0,0,0,0,1,0,0,0,0,0,0,1,0,0,0,0,0,0,0,0,0,0,0,0,0,0,0,0,0,1,0
themealdb_53362,themealdb,Jamaican Curry Shrimp Recipe,jumbo shrimp | jamaican curry powder | all-purpose seasoning | olive oil | onion | red pepper | green pepper | scotch bonnet | garlic | unsweetened coconut milk | tomato ketchup | thyme | salt | pepper,https://www.myforkinglife.com/jamaican-curry-shrimp/#recipe,0,0,1,1,0,0,0,0,1,1,0,0,0,0,0,0,0,0,1,0,0,0,0,0,0,0,1,0,0,0,0,0,0,1,0,0,1,0,0,0,0,0,0,0
themealdb_53426,themealdb,Lao Som Pak Pickled Cabbage,cabbage | green onion | water | salt,https://cookingwithlane.com/som-pak-thai-and-lao-pickled-fermented-cabbage/,0,0,0,0,0,0,0,0,0,0,0,0,0,0,0,0,0,0,0,0,0,0,0,0,0,0,1,0,0,0,0,0,0,1,0,0,0,0,0,0,0,1,1,1
themealdb_53324,themealdb,Chocolate empanadas,condensed milk | flour | unsweetened cocoa | salt | butter | egg | milk | sugar | cinnamon,https://jennyisbaking.com/2020/05/01/chocolate-empanadas-with-dulce-de-leche/,0,0,1,1,1,0,0,0,0,0,0,0,0,0,0,0,0,0,0,0,0,0,0,0,0,0,0,0,0,0,0,0,0,1,0,0,0,0,0,0,0,0,1,0
themealdb_52934,themealdb,Chicken Basquaise,chicken | butter | olive oil | red onion | red pepper | chorizo | sun-dried tomato | garlic | basmati rice | tomato puree | paprika | bay leaf | thyme | chicken stock | dry white wine | lemon | black olive | salt | pepper,https://www.rivercottage.net/recipes/chicken-basquaise,1,1,0,1,0,0,0,0,0,0,0,0,0,0,0,0,0,1,1,0,1,1,1,0,0,0,1,0,0,0,0,0,0,1,0,0,1,0,0,0,0,0,0,0
themealdb_53572,themealdb,Fried cocoy banana,cinnamon | cocoy banana | egg | breadcrumb | vegetable oil,https://dominicagourmet.com/fried-cocoy-banana-with-coconut-ice-cream/,0,0,1,0,1,0,0,0,0,0,0,0,0,0,0,0,0,0,0,0,0,0,0,0,0,0,0,0,0,0,0,0,0,0,0,0,0,0,0,0,0,0,1,0
themealdb_53345,themealdb,Jamaican Curry Chicken Recipe,chicken thigh | curry powder | all-purpose seasoning | onion | green onion | green pepper | garlic | scotch bonnet | thyme | olive oil | water | russet potato | salt | pepper,https://www.myforkinglife.com/jamaican-curry-chicken/,0,0,1,0,0,0,0,0,0,0,0,0,0,0,0,0,0,0,1,0,0,1,0,0,0,1,1,0,0,0,0,0,0,1,0,0,1,0,0,0,0,0,0,0
themealdb_52962,themealdb,Salmon Eggs Eggs Benedict,egg | white wine vinegar | english muffin | butter | smoked salmon | lemon juice,https://www.bbcgoodfood.com/recipes/73606/eggs-benedict-with-smoked-salmon-and-chives,0,0,1,1,1,0,0,1,0,0,0,0,0,0,0,0,0,1,1,0,0,0,0,0,0,0,0,0,0,0,0,0,0,0,0,0,0,0,1,0,0,0,0,0
themealdb_53226,themealdb,Shawarma bread,flour | salt | sugar | baking powder | oil | water,https://cookpad.com/eng/recipes/22607524?ref=search&search_term=saudi+arabia,0,0,1,0,0,0,0,0,0,0,0,0,0,0,0,0,0,0,0,0,0,0,0,0,0,0,0,0,0,0,0,0,0,1,0,0,0,0,0,0,0,0,1,1
themealdb_53535,themealdb,Tamal De Maicena,milk | butter | sugar | vanilla | cornstarch | egg,https://www.recipesfromcostarica.com/recipes,0,0,0,1,1,0,0,0,0,0,0,0,0,0,0,0,0,0,0,0,0,0,0,0,0,0,0,0,0,0,0,0,0,0,0,0,0,0,0,0,0,0,1,0
themealdb_53022,themealdb,Polskie Nalesniki (Polish Pancakes),flour | egg | milk | water | salt | sugar | butter,https://www.tasteatlas.com/nalesniki/recipe,0,0,1,1,1,0,0,0,0,0,0,0,0,0,0,0,0,0,0,0,0,0,0,0,0,0,0,0,0,0,0,0,0,1,0,0,0,0,0,0,0,0,1,0
themealdb_53474,themealdb,Magwinya: Doughnut Bites from Botswana,flour | warm water | sugar | yeast | salt | vegetable oil | ground sugar,https://kosherworldkitchen.com/magwinya-doughnuts-from-botswana/#recipe,0,0,1,0,0,0,0,0,0,0,0,0,0,0,0,0,0,0,0,0,0,0,0,0,0,0,0,0,0,0,0,0,0,1,0,0,0,0,0,0,0,0,1,1
themealdb_53100,themealdb,Blueberry & lemon friands,butter | icing sugar | flour | almond | egg white | unwaxed lemon | blackberry,https://www.bbcgoodfood.com/recipes/blueberry-lemon-friands,0,0,1,1,1,0,1,0,0,0,0,0,0,0,0,0,0,0,0,0,0,0,0,0,0,0,0,0,0,0,0,0,0,0,0,0,0,0,0,0,0,0,1,0
themealdb_53162,themealdb,Pollo en pepitoria,saffron | olive oil | garlic | almond | stale bread | parsley | chicken thigh | onion | carrot | celery | dry sherry | chicken stock | cinnamon stick | clove | bay leaf | egg,https://www.bbcgoodfood.com/recipes/pollo-en-pepitoria,0,1,1,0,1,0,1,0,0,0,0,0,0,0,1,0,0,1,1,0,0,1,0,0,0,1,1,0,0,0,0,0,0,0,0,0,0,0,0,0,0,0,0,0
themealdb_53492,themealdb,Bulgarian Green Salad,lettuce | radish | cucumber | green onion | salt | apple cider vinegar | olive oil | dill | parsley,https://cookinglsl.com/bulgarian-green-salad-recipe/#wprm-recipe-container-24454,0,0,0,0,0,0,0,0,0,0,0,0,0,0,0,0,0,0,0,0,0,0,0,0,0,1,1,0,0,0,0,0,0,1,0,0,0,0,0,0,0,0,1,1
themealdb_53290,themealdb,Cheese Borek,egg | parsley | garlic | red pepper | gouda cheese | emmentaler cheese | phyllo dough | butter,https://www.allrecipes.com/recipe/26728/cheese-borek/,0,0,1,1,1,0,0,0,0,0,0,0,0,0,0,0,0,0,0,0,0,0,0,0,0,0,1,0,0,0,0,0,0,0,0,0,1,0,0,0,0,0,1,0
themealdb_53400,themealdb,Mastawa Lamb and Rice,lamb | onion | turmeric | orange | rice | natural yoghurt | garlic | vegetable oil | dried dill | black pepper | chickpea | salt,https://www.afghanaid.org.uk/mastawa-recipe,0,0,0,1,0,0,0,0,0,0,0,0,0,0,0,0,0,0,1,0,1,0,0,0,0,0,1,0,0,0,0,0,0,1,0,0,1,0,0,0,0,0,0,0
themealdb_53432,themealdb,"Slow-cooked, Wadadli-spiced Cubano pork belly",olive oil | coriander | parsley | oregano | mint | red chilli | green chilli | orange | lime | grapefruit | garlic | ground cumin | ground allspice | salt | black pepper,https://www.theguardian.com/food/2020/jul/04/andi-oliver-antiguan-feast-recipes-slow-cooked-pork-belly-corn-chilli-lime-mango-chow-spiced-bread-butter-pudding,1,0,0,0,0,0,0,0,0,0,0,0,0,0,0,0,0,0,1,0,1,0,0,0,0,0,1,0,0,0,0,0,0,1,0,0,1,0,0,0,0,0,0,0
themealdb_52826,themealdb,Braised Beef Chilli,beef | onion | garlic | olive oil | chorizo | cumin | allspice | clove | cinnamon stick | bay leaf | oregano | ancho chilly | balsamic vinegar | plum tomato | tomato ketchup | dark brown sugar | borlotti bean,http://www.telegraph.co.uk/food-and-drink/recipes/braised-beef-chilli-con-carne/,1,0,0,0,0,0,0,0,0,0,0,0,0,0,0,0,0,0,1,1,1,0,1,0,0,0,1,0,0,0,0,0,0,0,0,0,1,0,0,0,0,0,0,0
themealdb_53372,themealdb,Chinese Tomato Egg Stir Fry,plum tomato | vegetable oil | egg | sesame seed oil | chicken bouillon powder | sugar | pepper | salt | green onion | jasmine rice,https://www.simplyrecipes.com/chinese-tomato-egg-recipe-7562056,0,0,0,0,1,0,0,0,0,0,0,0,1,0,0,0,0,0,1,0,0,1,0,0,0,0,1,0,0,0,0,0,0,1,0,0,1,0,0,0,0,0,0,0
themealdb_52864,themealdb,Mushroom & Chestnut Rotolo,mushroom | chestnut | challot | garlic | rosemary | wild mushroom | soy sauce | white wine | lasagne sheet | breadcrumb | sage | truffle oil,https://www.bbcgoodfood.com/recipes/mushroom-chestnut-rotolo,0,1,1,0,0,0,1,0,0,0,0,1,0,0,0,0,0,1,0,0,0,0,0,0,0,0,1,0,1,0,0,0,0,0,0,0,0,0,0,0,0,1,1,1
themealdb_53109,themealdb,Mini chilli beef pies,ready rolled shortcrust pastry | sunflower oil | onion | hot chilli powder | ground cumin | beef | tomato puree | beef stock | ground cinnamon | kidney bean | potato | sour cream | chive,https://www.bbcgoodfood.com/recipes/mini-chilli-beef-pies,0,0,1,1,0,0,0,0,0,0,0,0,0,0,0,0,0,0,1,1,1,0,0,0,0,1,1,0,0,0,0,0,0,0,0,0,1,0,0,0,1,0,0,0
themealdb_52942,themealdb,Roast fennel and aubergine paella,baby aubergine | fennel | red pepper | zucchini | onion | paella rice | paprika | saffron | white wine | vegetable stock | frozen pea | lemon | parsley | salt | black pepper,https://www.homestylemag.co.uk/recipe/517/main-courses/roast-fennel-and-aubergine-paella,0,1,0,0,0,0,0,0,0,0,0,0,0,0,0,0,0,1,0,0,0,0,0,0,0,0,1,0,0,0,0,0,0,1,0,0,1,0,0,0,0,0,1,1
themealdb_53335,themealdb,Jiggs Dinner,beef | yellow split pea | cabbage | carrot | turnip | potato | butter | black pepper,https://canadianfoodfocus.org/recipes/classic-canadian-dishes-jiggs-dinner/,0,0,0,1,0,0,0,0,0,0,0,0,0,0,0,0,0,0,1,1,1,0,0,0,0,1,0,0,0,0,0,0,0,0,0,0,1,0,0,0,0,0,0,0
themealdb_52837,themealdb,Pilchard puttanesca,spaghetti | olive oil | onion | garlic | red chilli | tomato puree | pilchard | black olive | parmesan,https://www.bbcgoodfood.com/recipes/pilchard-puttanesca,0,0,1,1,0,0,0,1,0,0,0,0,0,0,0,0,0,0,1,0,0,0,0,0,0,0,1,0,0,0,0,0,0,0,0,0,1,0,0,0,0,1,0,0
themealdb_53010,themealdb,Lamb Tzatziki Burgers,bulgur wheat | lamb mince | cumin | coriander | paprika | garlic | olive oil | bun | cucumber | greek yogurt | mint,https://www.bbcgoodfood.com/recipes/lamb-burgers-tzatziki,0,0,1,1,0,0,0,0,0,0,0,0,0,0,0,0,0,0,1,0,1,0,0,0,0,0,1,0,0,0,0,0,0,0,0,0,1,0,0,0,0,0,0,0
themealdb_53449,themealdb,Kelem dolmasi,lamb mince | cabbage | onion | salt | pepper | turmeric | cinnamon | cilantro | dill | rice | chickpea | lamb fat | tomato puree | water,https://travelbystove.blogspot.com/2012/01/recipes-from-azerbaijani.html,0,0,0,0,0,0,0,0,0,0,0,0,0,0,0,0,0,0,1,0,1,0,0,0,0,0,1,0,0,0,0,0,0,1,0,0,1,0,0,0,0,0,0,0
themealdb_53274,themealdb,Griddled aubergines with sesame dressing,eggplant | olive oil | greek yogurt | tahini paste | garlic | lemon | coriander | parsley | mint,https://www.bbcgoodfood.com/recipes/griddled-aubergines-sesame-dressing,0,0,0,1,0,0,0,0,0,0,0,0,1,0,0,0,0,0,0,0,0,0,0,0,0,0,1,0,0,0,0,0,0,0,0,0,1,0,0,0,0,0,1,0
themealdb_53280,themealdb,Poulet Roti a l'Algerienne (Algerian Roast Chicken),water | onion | olive oil | balsamic vinegar | dijon mustard | garlic | black pepper | cayenne pepper | salt | chicken,https://www.allrecipes.com/recipe/258886/poulet-roti-a-lalgerienne-algerian-roast-chicken/,0,0,0,0,0,0,0,0,0,0,0,0,0,1,0,0,0,0,1,0,0,1,0,0,0,0,1,0,0,0,0,0,0,1,0,0,1,0,0,0,0,0,0,0
themealdb_53329,themealdb,Arepa pelua,beef | onion | red pepper | garlic | cumin | oregano | paprika | beef stock | water | salt | cheese | olive oil,https://goya.es/en/recipes/arepa-pelua,0,0,0,1,0,0,0,0,0,0,0,0,0,0,0,0,0,0,1,1,1,0,0,0,0,0,1,0,0,0,0,0,0,1,0,0,1,0,0,0,0,0,0,0
themealdb_53523,themealdb,Colombian Buñuelos Recipe,vegetable oil | cornstarch | tapioca | feta | farmers cheese | egg | baking powder | sugar | salt | milk,https://www.mycolombianrecipes.com/bunuelos-colombianos-colombian-bunuelos/,0,0,0,1,1,0,0,0,0,0,0,0,0,0,0,0,0,0,0,0,0,0,0,0,0,0,0,0,0,0,0,0,0,1,0,0,0,0,0,1,0,0,1,0
themealdb_52966,themealdb,Chocolate Caramel Crispy,mars bar | butter | rice krispy | milk chocolate,http://www.donalskehan.com/recipes/chocolate-caramel-rice-crispy-treats/,0,0,0,1,0,0,0,0,0,0,0,0,0,0,0,0,0,0,0,0,0,0,0,0,0,0,0,0,0,0,0,0,0,0,0,0,0,0,0,0,0,0,1,0
themealdb_53106,themealdb,Warm roast asparagus salad,asparagus | red wine vinegar | tomato | olive oil | streaky bacon | clear honey | jersey royal potato | dijon mustard | rocket,https://www.bbcgoodfood.com/recipes/warm-roast-asparagus-salad,1,0,0,0,0,0,0,0,0,0,0,0,0,1,0,0,0,1,1,0,1,0,1,0,1,1,0,0,0,0,0,0,0,0,0,0,1,0,0,0,0,0,0,0
themealdb_53159,themealdb,"Chorizo, potato & cheese omelette",potato | olive oil | chorizo | egg | parsley | cheddar cheese,https://www.bbcgoodfood.com/recipes/chorizo-potato-cheese-omelette,1,0,0,1,1,0,0,0,0,0,0,0,0,0,0,0,0,0,1,0,1,0,1,0,0,1,0,0,0,0,0,0,0,0,0,0,1,0,0,0,0,1,0,0
themealdb_53574,themealdb,Quark and Rhubarb Pie,milk | yeast | sugar | egg | butter | salt | cardamom | flour | sweet quark | rhubarb | cinnamon,https://estoniancuisine.com/2017/05/13/4295/,0,0,1,1,1,0,0,0,0,0,0,0,0,0,0,0,0,0,0,0,0,0,0,0,0,0,0,0,0,0,0,0,0,1,0,0,0,0,0,1,0,0,1,0
themealdb_52940,themealdb,Brown Stew Chicken,chicken | tomato | onion | garlic | red pepper | carrot | lime | thyme | allspice | soy sauce | cornstarch | coconut milk | vegetable oil,http://www.geniuskitchen.com/recipe/authentic-jamaican-brown-stew-chicken-347996,0,0,1,1,0,0,0,0,0,0,0,1,0,0,0,0,0,0,1,0,0,1,0,0,0,1,1,0,0,0,0,0,0,0,0,0,1,0,0,0,0,1,0,0
themealdb_52995,themealdb,BBQ Pork Sloppy Joes,potato | red onion | garlic | lime | bread | pork | barbeque sauce | hotsauce | tomato ketchup | sugar | vegetable oil | salt | pepper,,1,0,1,0,0,0,0,0,0,0,0,0,0,0,0,0,0,0,1,0,1,0,0,0,0,1,1,0,0,0,0,0,0,1,0,0,1,0,0,0,0,0,0,0
themealdb_52816,themealdb,"Roasted Eggplant With Tahini, Pine Nuts, and Lentils",olive oil | carrot | celery | onion | garlic | brown lentil | bay leaf | water | salt | apple cider vinegar | pepper | egg plant | rosemary | pine nut | parsley,http://www.seriouseats.com/recipes/2016/03/roasted-eggplant-tahini-pine-nut-lentil-vegan-experience-recipe.html,0,0,0,0,1,0,1,0,0,0,0,0,1,0,1,0,0,0,0,0,0,0,0,0,0,1,1,0,0,0,0,0,0,1,0,0,1,0,0,0,0,0,1,0
themealdb_53155,themealdb,Spanish chicken pie,potato | paprika | olive oil | onion | garlic | tinned tomato | chicken | roasted pepper | green olive,https://www.bbcgoodfood.com/recipes/spanish-chicken-pie,0,0,0,0,0,0,0,0,0,0,0,0,0,0,0,0,0,0,1,0,0,1,0,0,0,1,1,0,0,0,0,0,0,0,0,0,1,0,0,0,0,0,0,0
themealdb_52820,themealdb,Katsu Chicken curry,chicken breast | flour | egg | breadcrumb | vegetable oil | sunflower oil | onion | garlic | carrot | curry powder | chicken stock | honey | soy sauce | bay leaf | garam masala,http://allrecipes.co.uk/recipe/29578/chicken-katsu-curry.aspx,0,0,1,0,1,0,0,0,0,0,0,1,0,0,0,0,0,0,1,0,0,1,0,0,1,1,1,0,0,0,0,0,0,0,0,0,0,0,0,0,0,1,0,0
themealdb_52846,themealdb,Chicken & mushroom Hotpot,butter | onion | mushroom | flour | chicken stock cube | nutmeg | mustard powder | chicken | sweetcorn | potato,https://www.bbcgoodfood.com/recipes/chicken-mushroom-hot-pot,0,0,1,1,0,0,0,0,0,0,0,0,0,1,0,0,0,0,1,0,0,1,0,0,0,1,1,0,1,0,0,0,0,0,0,0,1,0,0,0,0,0,0,0
themealdb_53301,themealdb,Pork & sauerkraut goulash,lard | onion | cumin seed | pork shoulder | garlic | flour | paprika | beef stock | bay leaf | white sauerkraut | whipping cream | sour cream,https://www.bbcgoodfood.com/recipes/pork-sauerkraut-goulash,1,0,1,1,0,0,0,0,0,0,0,0,0,0,0,0,0,0,1,1,1,0,0,0,0,0,1,0,0,0,0,0,0,0,0,0,1,0,0,0,0,0,0,0
themealdb_53051,themealdb,Nasi lemak,coconut milk | water | ginger paste | ginger | bay leaf | rice | egg | cucumber | peanut | anchovy fillet | vegetable oil | onion | garlic | shallot | chilli powder | sugar | tamarind paste,https://www.allrecipes.com/recipe/78938/malaysian-nasi-lemak/,0,0,0,1,1,1,0,0,0,0,0,0,0,0,0,0,0,0,0,0,0,0,0,0,0,1,1,0,0,0,0,0,0,0,0,0,1,0,0,0,0,0,1,0
themealdb_53387,themealdb,Dutch Spiced Breakfast Cake (Ontbijtkoek),self-raising flour | dark brown soft sugar | milk | sugar | ginger | cardamom | baking powder | salt,https://insimoneskitchen.com/dutch-breakfast-cake/#recipe,0,0,1,1,0,0,0,0,0,0,0,0,0,0,0,0,0,0,0,0,0,0,0,0,0,1,0,0,0,0,0,0,0,1,0,0,0,0,0,0,0,0,1,0
themealdb_53522,themealdb,Arroz con Leche Recipe,rice | cinnamon stick | water | milk | salt | butter | vanilla extract | sugar | condensed milk,https://www.mycolombianrecipes.com/arroz-con-leche-rice-pudding/,0,0,0,1,0,0,0,0,0,0,0,0,0,0,0,0,0,0,0,0,0,0,0,0,0,0,0,0,0,0,0,0,0,1,1,0,0,0,0,0,0,0,1,0
