policy_id,question,decision,flags_affected,rationale,source,status,decided_by,decided_on
P1,Do oats count as gluten?,"Yes, unless labeled gluten-free",contains_gluten,"Oats are usually grown and milled next to wheat, so most contain gluten; only oats labeled gluten-free are tested.","FDA gluten-free labeling rule (21 CFR 101.91)",approved,med27-coder,2026-10-04
P2,"Does gelatin (Jell-O, marshmallows) rule out vegetarian?","Yes: gelatin counts as meat",contains_meat; vegetarian; vegan,"Gelatin is made from animal skin and bones, usually pork or beef. Agar is the plant alternative and is excepted.",,approved,med27-coder,2026-10-04
P3,"Does a plain ""nut"" set the peanut flag?","Yes, as a caution",contains_peanut,"Unspecified nuts may be peanuts (often sold in mixed nuts). Named tree nuts (pine nut, cashew nut ...) are excepted.",,approved,med27-coder,2026-10-04
P4,"Does an alternative (""maple syrup or honey"") set the flag?","Yes",all flags,"A cook may pick either ingredient, so the recipe can contain it.",,proposed,,
P5,"Does unspecified ""seafood"" set fish and shellfish?","Yes, both",contains_fish; contains_shellfish,"A seafood mix can contain fish, crustaceans and molluscs. ""Seafood seasoning"" and ""seafood sauce"" are excepted.",,proposed,,
P6,"Should ""rawa"" or ""sooji"" (semolina) set gluten?","Yes",contains_gluten,Rawa and sooji are Indian names for wheat semolina.,,approved,med27-coder,2026-10-04
P7,"Hugging Face recipes: does a missing ""X-free"" label set the flag?","Yes (safe direction)",contains_gluten; contains_dairy; contains_egg; contains_peanut; contains_tree_nut; contains_fish; contains_shellfish; contains_soy,"The dataset computes these labels from the full ingredient lines; when it does not call a recipe X-free, we flag it rather than risk a miss.",,proposed,,
P8,What counts as red meat and what as white meat?,"Red meat = meat from mammals, pork and offal included (rabbit too). White meat = poultry. Fish and shellfish are their own groups, not white meat.",contains_red_meat; contains_poultry,"USDA counts all livestock (beef, veal, pork, lamb) as red meat, and treats seafood as separate from meat. WHO / IARC defines red meat as mammalian muscle meat, including organ meat.","USDA FSIS; IARC Monographs volume 114 (2018)",proposed,,
P9,What counts as processed meat?,"Meat that is cured, salted, smoked or fermented (bacon, ham, sausages, salami, jerky, hot dogs), poultry products included",contains_processed_meat,WHO / IARC definition; processed meat is the category linked to colorectal cancer.,IARC Monographs volume 114 (2018),proposed,,
