recipe_id,source,recipe_name,ingredients,url,contains_pork,contains_alcohol,contains_gluten,contains_dairy,contains_egg,contains_peanut,contains_tree_nut,contains_fish,contains_shellfish,contains_soy,contains_sesame,vegetarian,vegan
culinarydb_6982,culinarydb,Summertime Horchata,ground cinnamon | cinnamon stick | fluid ounces coconut-flavored rum | milk | sweetened condensed milk | long grain rice | fluid ounces spiced rum | vanilla extract | water,,,,,,,,,,,,,,
culinarydb_16893,culinarydb,Tropical Grilled Chicken Breast,skinless | cilantro | honey | lime | orange juice | red pepper flake,,,,,,,,,,,,,,
culinarydb_44538,culinarydb,Blue Cheese with Rosemary Honey on Crackers,mild honey such as alfalfa | block blue cheese | rosemary | salt | green onion,,,,,,,,,,,,,,
culinarydb_21344,culinarydb,Solomo Kleftiko,pinch dill | greek imported feta | orlando grape leaf | lemon slice | lemon juice | mayonnaise | olive oil | black pepper | skinless salmon fillet,,,,,,,,,,,,,,
culinarydb_14794,culinarydb,Slow Cooker Pork Chops and Rice,beef broth | butter | mushroom | onion | dry onion soup mix | green pea | pepper | boneless | uncooked white rice | uncooked brown rice | water | water chestnut | worcestershire sauce,,,,,,,,,,,,,,
culinarydb_36556,culinarydb,Springtime Sushi Nests,asparagus spear | canned sliced bamboo shoot | carrot | egg | red pickled ginger | butter lettuce leaf | sushi rice | pinch of salt | dried shiitake mushroom | cooked large shrimp | reduced-sodium soy sauce | sugar | nonstick vegetable oil spray,,,,,,,,,,,,,,
culinarydb_13842,culinarydb,Fennel in Wine and Honey,chicken broth | fennel bulb | honey | mustard seed | olive oil | salt and pepper to taste | white wine,,,,,,,,,,,,,,
culinarydb_1920,culinarydb,quick poha idli,black bean | rice | sunflower oil,,,,,,,,,,,,,,
culinarydb_27614,culinarydb,Roasted Corn Abdi,ground allspice | avocado | carrot | cilantro | ear corn | cucumber | habanero | to 6 kumquat | lime | red onion | oregano | salt,,,,,,,,,,,,,,
culinarydb_34682,culinarydb,Tourtiere de Fleur-Ange (Fleur-Ange's Pork Pie),celery | celery leaf | pinch each ground cinnamon and clove | garlic | egg yolk beaten with 1 tablespoon milk | onion | parsley | pastry for 2 double-crust | salt and freshly ground pepper | lean ground pork | water,,,,,,,,,,,,,,
culinarydb_4150,culinarydb,Chutney Eggs,almond | bacon | egg | mayonnaise,,,,,,,,,,,,,,
culinarydb_19203,culinarydb,Posh Chopped Suey (Fragrant Chicken and Mushroom Stir-Fry),carrot | chicken breast | chicken stock | chinese five-spice powder | cornstarch | garlic | and grated ginger | oyster sauce | sea salt and freshly ground white pepper | green onion | shaohsing rice wine | shiitake | dark soy sauce | to 2 tablespoons light soy sauce | vegetable oil | one 8-ounce can drained water chestnut,,,,,,,,,,,,,,
culinarydb_34429,culinarydb,Hot Popcorn and Sweet Peanuts,butter | garlic | hot sauce | honey roasted peanut | sack microwave low fat popcorn | salt,,,,,,,,,,,,,,
culinarydb_295,culinarydb,cabbage and dal parathas,mung bean | fennel | mango | sunflower oil | turmeric | wheat,,,,,,,,,,,,,,
culinarydb_31635,culinarydb,Extra-Bittersweet Chocolate Sorbet,extra-bittersweet chocolate | unsweetened dutch-processed cocoa powder | washed and sliced kumquat | plus 2 tablespoons sugar | sugar | water,,,,,,,,,,,,,,
culinarydb_8994,culinarydb,Steelhead Trout Bake with Dijon Mustard,cooking spray | dried dill weed | garlic | lemon juice | dijon mustard | lemon-pepper seasoning | skinless steelhead trout fillet | dry white wine,,,,,,,,,,,,,,
culinarydb_41504,culinarydb,Irish Brown Bread Ice Cream,crumbs from brown soda bread | chilled whipping cream | egg yolk | milk | 1-pint baskets strawberry | sugar | dark brown sugar | 3-inch piece vanilla bean,,,,,,,,,,,,,,
culinarydb_6459,culinarydb,Turkey Cream Cheese Enchiladas,butter | cheddar cheese | cream cheese | sour cream | heavy cream | ground cumin | olive oil | onion | orange bell pepper | paprika | black pepper | ground chipotle chile pepper | ground ancho chile pepper | hot pepper sauce | green bell pepper | yellow bell pepper | salt | corn tortilla | cooked turkey | vegetable oil for frying,,,,,,,,,,,,,,
culinarydb_43886,culinarydb,Dried Cherry-Almond Fruitcake,slivered almond | dried apricot | baking powder | butter | pitted dried bing cherry | egg | unbleached all purpose flour | golden raisin | amber rum | salt | golden brown sugar | sugar | pure maple syrup | vanilla extract,,,,,,,,,,,,,,
culinarydb_18060,culinarydb,Namasu Rice Salad with Pickled Daikon Radish and Carrots,basmati rice | matchstick-cut carrot | cilantro | matchstick-cut daikon radish | garlic | ginger | lime juice | green onion | chile paste | roasted peanut | salt | sesame oil | sugar | vegetable oil | rice vinegar | water,,,,,,,,,,,,,,
culinarydb_2363,culinarydb,sweet lime and pepper salad,capsicum | lemon | lettuce | black mustard seed oil | black pepper,,,,,,,,,,,,,,
culinarydb_45106,culinarydb,Trenton Tomato Pie Pizza,flour | part-skim milk mozzarella | olive oil | red pepper flake | food processor pizza dough | a pizza stone | salt | tomato,,,,,,,,,,,,,,
culinarydb_4961,culinarydb,Eggplant Sushi Rolls,avocado | eggplant | splash olive oil | salt and ground black pepper to taste | medium-grain white rice | water,,,,,,,,,,,,,,
culinarydb_34135,culinarydb,The Trifecta Cocktail,lemon wedge | lemon twist | orange vodka | raspberry vodka | lime juice | sugar | lemon vodka,,,,,,,,,,,,,,
culinarydb_32118,culinarydb,Pumpkin Pie Pinwheel Cookies,almond extract | baking powder | butter | ground cinnamon | whipped cream | egg | flour | ground nutmeg | canned pumpkin | pumpkin pie spice | salt | sugar | plus 1 cup brown sugar | vanilla extract,,,,,,,,,,,,,,
culinarydb_39500,culinarydb,Striped Bass in Agrodolce Sauce,farm-raised striped bass fillet | california bay leaf | garnish: chopped fennel frond | olive oil | black pepper | golden raisin | salt | shallot | sugar | white balsamic vinegar | water | dry red wine,,,,,,,,,,,,,,
culinarydb_27621,culinarydb,"Richard's ""Very Good"" Pancakes",ale | baking powder | blueberry | butter | cider vinegar | sour cream | egg | flour | ripe mango | plus 1 tablespoon milk | salt | sugar | maple syrup,,,,,,,,,,,,,,
culinarydb_35559,culinarydb,Tahini Chicken Salad,chicken breast halves with skin and bone | garlic | lemon juice | olive oil | black pepper | red bell pepper | salt | well-stirred tahini | sesame seed | sugar | sugar snap pea | water,,,,,,,,,,,,,,
culinarydb_41970,culinarydb,Achiote Chicken Skewers with Guava Sauce,skinless boneless chicken thigh meat | cilantro | ground cumin | garlic | lime juice | dried oregano leaf | achiote paste* | 20-ounce jar guava shells in syrup,,,,,,,,,,,,,,
culinarydb_18915,culinarydb,Chicken Tagine with Olives and Citron Confit,chicken leg | ground coriander | generous handful | ground cumin | garlic | ginger | rinds of 2 confit lemon | olive oil | cup/165 g green olives with pit | onion | salt and freshly ground pepper | saffron | ground turmeric,,,,,,,,,,,,,,
culinarydb_19057,culinarydb,Good-Fortune Cookies,almond extract | melted butter | egg white | flour | lemon extract | salt | sugar,,,,,,,,,,,,,,
culinarydb_41937,culinarydb,Spiced Lamb Meatballs With Walnut Romesco,cayenne pepper | chipotle chile powder | cilantro leaves with tender stem | coriander seed | cumin seed | egg yolk | garlic | ground lamb | olive oil | onion | sweet paprika | paprika | parsley | parsley leaves with tender stem | salt | black pepper | red bell pepper | tomato | sherry vinegar | walnut,,,,,,,,,,,,,,
culinarydb_23682,culinarydb,Italian Greens and Herb Salad,basil leaf | belgian endive | honey | lemon peel | lemon juice | romaine lettuce | olive oil | pitted kalamata olive | italian parsley leaf | black pepper | salt,,,,,,,,,,,,,,
culinarydb_15790,culinarydb,George Washington's Birthday Cherry Cake,baking soda | cherry pie filling | semisweet chocolate chip | ground cinnamon | egg | flour | salt | vegetable shortening | sugar | confectioners' sugar for dusting | vanilla extract | vegetable oil | walnut,,,,,,,,,,,,,,
culinarydb_43425,culinarydb,Glazed Apples,golden delicious apple | plus 1 tablespoon sugar | water,,,,,,,,,,,,,,
culinarydb_12036,culinarydb,Maids-of-Honor,ground almond | butter | egg | flour | milk | nutmeg | cream sherry | sugar,,,,,,,,,,,,,,
culinarydb_17807,culinarydb,Vanilla Cupcake,butter | egg | self-rising flour | superfine sugar | vanilla extract,,,,,,,,,,,,,,
culinarydb_44151,culinarydb,Spinach Salad with Gorgonzola and Olives,bacon | crumbled gorgonzola cheese | whipping cream | honey | mushroom | dijon mustard | pitted kalamata olive | 10-ounce bags ready-to-use spinach | white wine vinegar,,,,,,,,,,,,,,
culinarydb_12606,culinarydb,Bee Sting Cake (Bienenstich) II,almond | almond extract | butter | cornstarch | heavy whipping cream | cream of tartar | egg | flour | honey | lukewarm milk | milk | salt | sugar | confectioners' sugar | active dry yeast,,,,,,,,,,,,,,
culinarydb_19895,culinarydb,Pickled Bamboo and Tamarind Seafood Soup: Canh Hai San Mang Chua,ounces/100 g pickled bamboo shoot | green banana | saw tooth coriander | cups/1 1/2 litres fish stock | fish sauce | garlic oil | fried garlic | okra | sweet pineapple | ounces/200 g small tiger prawn | red chile | rice paddy herb | sugar | tablespoons/50 g tamarind pulp | tomato,,,,,,,,,,,,,,
culinarydb_22710,culinarydb,Portuguese Seafood Cataplana,manila clam | garlic | lemon | olive oil | smoked paprika | parsley | hawaiian sea salt and freshly ground black pepper | linguica sausage | shallot | medium-size shrimp | vine ripe tomato | white wine,,,,,,,,,,,,,,
culinarydb_5288,culinarydb,Italian Zucchini Saute,italian seasoning | olive oil | white onion | salt | sugar | tomatoes with juice | zucchinis,,,,,,,,,,,,,,
culinarydb_43595,culinarydb,Roasted Sweet Potatoes and Onions with Rosemary and Parmesan,canola oil | parmesan cheese | garlic | red onion | black pepper | tan-skinned sweet potato | rosemary | salt,,,,,,,,,,,,,,
culinarydb_6131,culinarydb,Mexican Mac and Cheese,lean ground beef | nacho cheese dip | green chile | dry macaroni and cheese | dried onion flake,,,,,,,,,,,,,,
culinarydb_25388,culinarydb,Rustic Italian Bread,egg white | salt | sugar | water | active dry yeast,,,,,,,,,,,,,,
culinarydb_301,culinarydb,cabbage ghughras,ghee | raisin | sunflower oil | wheat,,,,,,,,,,,,,,
culinarydb_28331,culinarydb,Melt-in-Your-Mouth Braised and Barbecued Chicken,bone-in chicken thigh | cider vinegar | cornstarch | garlic | ginger | ketchup | green onion | orange juice | dried crushed red pepper | pineapple juice | regular-size bags quick-cooking rice | soy sauce | firmly packed light brown sugar | vegetable oil,,,,,,,,,,,,,,
culinarydb_25501,culinarydb,Uncle Vincent's Lasagna,basil | ground beef | hard boiled egg | lasagna noodle | balls smoked mozzarella | olive oil | parsley | cracked black pepper | ground pork | prosciutto | pecorino romano | salt | pepper | tomato sauce,,,,,,,,,,,,,,
culinarydb_9286,culinarydb,Portuguese Lemon Bavarois,heavy cream | egg yolk | unflavored gelatin | lemon zest | lemon juice | milk | salt | sugar | confectioners' sugar | cold water,,,,,,,,,,,,,,
culinarydb_4338,culinarydb,Bangaladumpa (Potato) Upma Koora,asafoetida powder | cilantro | cooking oil | curry leaf | split bengal gram | ginger root | green chile pepper | skinned split black lentil | lime juice | mustard seed | onion | ground red pepper | potato | dried red chile pepper | salt to taste | ground turmeric,,,,,,,,,,,,,,
foodcom_381172,foodcom,westyfest punch,vodka | rum | cranberry juice | pineapple juice | liquor | grenadine,,,,,,,,,,,,,,
foodcom_42912,foodcom,kim s pumpkin pie,canned pumpkin | sugar | flour | salt | cinnamon | nutmeg | vanilla | evaporated milk | egg | instant vanilla pudding | butter | unbaked 9-inch pie shell,,,,,,,,,,,,,,
foodcom_99124,foodcom,molly s parmesan dip,sour cream | mayonnaise | accent seasoning | sugar | garlic salt | parsley flake | parmesan cheese | onion | mozzarella cheese | french bread,,,,,,,,,,,,,,
foodcom_14961,foodcom,deep fried cheesecake spring roll wrapper,cheesecake | egg roll wrap | egg wash | vegetable oil | cinnamon sugar,,,,,,,,,,,,,,
foodcom_338107,foodcom,chinese lemon chicken,boneless skinless chicken breast | soy sauce | salt | egg | cornstarch | baking powder | white pepper | oil | sugar | chicken broth | lemon juice | lemon,,,,,,,,,,,,,,
foodcom_152606,foodcom,gigi s lemon fluff sauce,sugar | cornstarch | water | egg | lemon juice | lemon rind,,,,,,,,,,,,,,
foodcom_352412,foodcom,rosemary red wine sauce for steak,red wine | rosemary | salt | black pepper | butter | worcestershire sauce | garlic,,,,,,,,,,,,,,
foodcom_89718,foodcom,fish cakes with variations,tuna | seasoned stuffing mix | water | mayonnaise | sweet pickle relish | cheese | carrot,,,,,,,,,,,,,,
foodcom_24608,foodcom,the world s best sugar cookies,vegetable oil | butter | powdered sugar | sugar | egg | vanilla | flour | baking soda | cream of tartar | salt,,,,,,,,,,,,,,
foodcom_270371,foodcom,easy creamy chicken pasta,butter | boneless chicken breast | onion | garlic | chicken broth | tomato | broccoli | pepper | cream cheese | pasta,,,,,,,,,,,,,,
foodcom_198922,foodcom,rich n creamy hot chocolate,semi-sweet chocolate chip | sugar | water | salt | milk | heavy whipping cream | vanilla,,,,,,,,,,,,,,
foodcom_279179,foodcom,spaghetti with portabellas prosciutto and cream,spaghetti | olive oil | butter | portabella mushroom | shallot | heavy whipping cream | prosciutto | parmesan cheese | salt | pepper,,,,,,,,,,,,,,
foodcom_170716,foodcom,portabella mushrooms stuffed with italian sausage,portabella mushroom | bulk italian sausage | italian parsley | basil | garlic | garlic-flavored crouton | milk | parmesan cheese | egg | heavy cream | salt | pepper,,,,,,,,,,,,,,
foodcom_361765,foodcom,greek eggs benedict open faced egg sandwich,english muffin | cheddar cheese | egg | black pepper | feta cheese,,,,,,,,,,,,,,
foodcom_465655,foodcom,carrabba s spicy sicilian chicken soup,olive oil | sweet onion | green pepper | celery | carrot | potato | garlic | chicken stock | boneless skinless chicken breast | tomato | parsley | white pepper | black pepper | salt | ditalini,,,,,,,,,,,,,,
foodcom_347701,foodcom,vampire s kiss,raspberry vodka | chambord raspberry liquor | cranberry juice,,,,,,,,,,,,,,
foodcom_393270,foodcom,date squares gluten free,date | cold water | lemon juice | brown sugar | butter | baking soda | rolled oats | salt | vanilla,,,,,,,,,,,,,,
foodcom_246891,foodcom,sensational simmered leek cabbage mushroom trio,leek | cabbage | mushroom | olive oil | butter | salt | ground pepper | low sodium chicken broth | dry sherry,,,,,,,,,,,,,,
foodcom_131162,foodcom,southern banana mallow pie,milk | instant vanilla pudding | miniature marshmallow | cool whip | banana | graham cracker pie crust,,,,,,,,,,,,,,
foodcom_279964,foodcom,cuban ground beef hash,ground beef | green pepper | onion | tomato | tomato paste | raisin | stuffed olive | cider vinegar | garlic | ground cumin | salt | pepper | frozen pea | cooked rice,,,,,,,,,,,,,,
foodcom_16948,foodcom,spicy bistro steak subs,butter | garlic | deli roast beef | ketchup | worcestershire sauce | dried basil | dried oregano | cayenne pepper | dark beer | hoagie roll,,,,,,,,,,,,,,
foodcom_335122,foodcom,lower fat creamy alfredo sauce white sauce,fat-free chicken broth | flour | garlic powder | cayenne pepper | light cream cheese spread | reduced-fat parmesan cheese | nutmeg | black pepper | salt,,,,,,,,,,,,,,
foodcom_241342,foodcom,chicken berbere,cooking oil | chicken breast | onion | garlic | berbere | tomato paste | tomato | chicken stock | lemon | salt | pepper | cilantro stem,,,,,,,,,,,,,,
foodcom_348039,foodcom,caribbean lime chicken,chicken piece | lime zest | lime juice | vegetable oil | garlic | black pepper | basil | salt,,,,,,,,,,,,,,
foodcom_81152,foodcom,italian sausage and potatoes with vinegar peppers,italian sausage | olive oil | potato | pickled pepper | salt | pepper,,,,,,,,,,,,,,
foodcom_336710,foodcom,my familys pancakes,bisquick | milk | egg,,,,,,,,,,,,,,
foodcom_293921,foodcom,holiday ham glaze,ham | worcestershire sauce | brown sugar | dry mustard | cola,,,,,,,,,,,,,,
foodcom_182459,foodcom,prosciutto and rosemary cornmeal cakes,jiffy corn muffin mix | egg | butter | milk | rosemary | prosciutto | black pepper | honey,,,,,,,,,,,,,,
foodcom_361537,foodcom,incredible granola bars,rolled oats | oat bran | brown sugar | sunflower oil | honey | salt | cocoa nib | dried banana,,,,,,,,,,,,,,
foodcom_32518,foodcom,diabetic raspberry pork chops,sugar-free strawberry jam | raspberry vinegar | pork chop | ground pepper | cooking spray,,,,,,,,,,,,,,
foodcom_89284,foodcom,impossible coconut caramel custard pie,milk | butter | egg | vanilla extract | brown sugar | bisquick | flaked coconut,,,,,,,,,,,,,,
foodcom_119801,foodcom,sweet and hot fried onion rings,flour | cornstarch | sugar | baking powder | ground red pepper | salt | club soda | vegetable oil | sweet onion,,,,,,,,,,,,,,
foodcom_418994,foodcom,ham cheese stuffed potatoes,potato | milk | cream cheese | butter | cheddar cheese | salt | pepper | ham | chive,,,,,,,,,,,,,,
foodcom_129896,foodcom,totally chocolate chocolate chip cookies,semi-sweet chocolate chip | unbleached all-purpose flour | dutch-processed cocoa powder | baking soda | salt | butter | light brown sugar | sugar | egg | vanilla extract,,,,,,,,,,,,,,
foodcom_54266,foodcom,grandma s cream of potato soup or broccoli soup,chicken broth | potato | celery | carrot | cubed ham | bacon | spanish onion | heavy cream | butter | cornstarch | cheddar cheese | broccoli,,,,,,,,,,,,,,
foodcom_17672,foodcom,chicken couscous with sun dried tomatoes,boneless skinless chicken breast | mushroom | yellow onion | garlic | sun-dried tomato | olive oil | sage | water | butter | couscous,,,,,,,,,,,,,,
foodcom_100853,foodcom,creamed radishes,radish | flour | milk | butter | salt | pepper,,,,,,,,,,,,,,
foodcom_108509,foodcom,ham cheese muffins,unbleached all-purpose flour | sugar | baking powder | baking soda | plain yogurt | butter | egg | cheddar cheese | cooked ham | dried basil,,,,,,,,,,,,,,
foodcom_66790,foodcom,sweet cinnamon fruit salad,grape | strawberry | honeydew | tangerine | nectarine | blueberry | raspberry | honey | orange juice | cinnamon,,,,,,,,,,,,,,
foodcom_485071,foodcom,chicken catitori bake,chicken thigh | tomato | tomato sauce | olive oil | chicken bouillon | bell pepper | onion | mozzarella cheese,,,,,,,,,,,,,,
foodcom_279842,foodcom,shoyu ramen,chinese noodle | garlic | ginger | sesame oil | chicken soup base | dashi stock | sake | salt | sugar | soy sauce | spinach | tofu | carrot | dried mushroom | green onion,,,,,,,,,,,,,,
foodcom_106130,foodcom,brie bread,butter | brie cheese | onion | basil | french bread,,,,,,,,,,,,,,
foodcom_393409,foodcom,pumpkin spice cupcakes,flour | pumpkin pie spice | baking soda | baking powder | salt | sugar | unsweetened applesauce | vegetable oil | low-fat buttermilk | pumpkin puree | egg | egg white | fat free cream cheese | butter | confectioners' sugar | vanilla extract | skim milk | orange food coloring | decorator sugar | pretzel stick,,,,,,,,,,,,,,
foodcom_253093,foodcom,pineapple coconut cookies,sugar | butter | egg | coconut extract | coconut | pineapple | flour | salt | water | baking soda,,,,,,,,,,,,,,
foodcom_227493,foodcom,scallops wrapped in bacon,sea scallop | bacon,,,,,,,,,,,,,,
foodcom_412060,foodcom,easy korean cucumber salad,cucumber | soy sauce | sesame oil | rice vinegar | chili powder | sesame seed | salt,,,,,,,,,,,,,,
foodcom_248978,foodcom,frozen apple oatmeal sandwiches,cream cheese | sugar | apple juice | apple jelly | ground cinnamon | oatmeal cookie | milk chocolate chip | vegetable oil,,,,,,,,,,,,,,
foodcom_491372,foodcom,flatbread with za atar lemon and oil topping,instant yeast | water | sugar | olive oil | unbleached all-purpose flour | unbleached bread flour | salt | za'atar spice mix | lemon,,,,,,,,,,,,,,
foodcom_325661,foodcom,orange chicken and rice bowl,boneless skinless chicken breast | sesame dressing | orange juice | stir fry vegetable | red pepper flake | cooked rice | peanut,,,,,,,,,,,,,,
foodcom_39907,foodcom,beans black eyed peas and cashew salad,lima bean | black-eyed pea | celery rib | red bell pepper | cashew | green onion | ketchup | garlic powder | balsamic vinegar | olive oil,,,,,,,,,,,,,,
hf_8884,huggingface,Fragrant Gigante Beans with Garlic Confit and Mussels,bean | onion | celery rib | bay leaf | thyme | oil,https://www.foodandwine.com/recipes/fragrant-gigante-beans-garlic-confit-and-mussels,,,,,,,,,,,,,
hf_28553,huggingface,Pink Summer Shandy,beer | vodka | water | lemonade | lemon,https://completerecipes.com/pink-summer-shandy.html,,,,,,,,,,,,,
hf_17110,huggingface,Blue Hawaiian,blue curacao | dark rum | light rum | pineapple juice | ice,https://www.justapinch.com/recipes/drink/cocktail/blue-hawaiian.html,,,,,,,,,,,,,
hf_1658,huggingface,New Orleans Style Barbecue Shrimp,paprika | chili powder | cumin | sugar | salt | shrimp | butter | garlic | worcestershire sauce | lemon juice | green onion,http://momscookingclub.blogspot.com/2012/04/new-orleans-style-barbecue-shrimp.html,,,,,,,,,,,,,
hf_37544,huggingface,Chilled Sweet Pea and Watercress Soup,frozen pea | watercress | parsley | low-sodium vegetable broth | sour cream | salt | black pepper,https://www.realsimple.com/food-recipes/browse-all-recipes/chilled-sweet-pea-watercress-soup,,,,,,,,,,,,,
hf_4300,huggingface,Quinoa Bars,quinoa | walnut | coconut | pumpkin seed | hulled sunflower seed | sweet potato | sesame seed | flax seed | date | ginger | cinnamon,https://recipes.sparkpeople.com/recipe-detail.asp?recipe=3256847,,,,,,,,,,,,,
hf_960,huggingface,Ginger Julep,mint | bourbon | ginger liqueur | lemon juice | syrup,https://www.saveur.com/article/Recipes/Ginger-Julep/,,,,,,,,,,,,,
hf_12304,huggingface,"Lemony Green Bean, Pea and Broccoli Salad",green bean | green pea | broccoli floret | lemons zest | olive oil | garlic | mustard | black pepper | microgreen,http://www.foodgays.com/lemony-green-bean-pea-broccoli-salad/,,,,,,,,,,,,,
hf_4808,huggingface,Coffee Jello,gelatin | coffee | sugar | salt,http://www.food.com/recipe/coffee-jello-81870,,,,,,,,,,,,,
hf_29058,huggingface,Pork With Parmesan Coating Schnitzel Recipe,pork | breadcrumb | dried oregano | parmesan cheese | parsley | egg | oil | lemon,http://recipeofhealth.com/recipe/pork-with-parmesan-coating-schnitzel-110963rb,,,,,,,,,,,,,
hf_29113,huggingface,Healthier Creamed Spinach,butter | onion | garlic | flour | spinach | salt | low-sodium vegetable broth | sour cream,https://weelicious.com/a-healthier-creamed-spinach,,,,,,,,,,,,,
hf_14623,huggingface,Quick & Easy - Slow Cooker 7 Can Soup,ground beef | minestrone soup | bean | corn | tomato,http://thriftydiydiva.com/quick-easy-slow-cooker-7-can-soup-recipe/,,,,,,,,,,,,,
hf_38318,huggingface,Nordic Breakfast Porridge,whole milk | barley | light brown sugar | butter | salt | raspberry | granny smith apple | pistachio | chia seed | ground cinnamon,https://www.foodnetwork.com/recipes/food-network-kitchen/nordic-breakfast-porridge-3796533,,,,,,,,,,,,,
hf_21081,huggingface,POPPYSEED BREAD recipes,flour | salt | baking powder | sugar | poppy seed | egg | applesauce | milk | vanilla | almond extract | butter,http://findingdebra.com/2016/11/poppyseed-bread-recipe/,,,,,,,,,,,,,
hf_13815,huggingface,Greek Broccoli Salad,broccoli | sun-dried tomato | red onion | feta cheese | almond | olive oil | lemon juice | honey | garlic | dried oregano | dijon mustard | salt | red pepper flake,http://cookieandkate.com/2015/greek-broccoli-salad-recipe/,,,,,,,,,,,,,
hf_36662,huggingface,Buffalo Chicken Wings Recipe - NYT Cooking,chicken wing | hot sauce | butter | sherry vinegar | garlic | salt | pepper,http://littlegreenfootballs.com/page/323002_buffalo_chicken_wings_recipe_-,,,,,,,,,,,,,
hf_31709,huggingface,Cinnamon Carrot Sticks,carrot | water | cider vinegar | sugar | cinnamon stick,http://www.food.com/recipe/cinnamon-carrot-sticks-333429,,,,,,,,,,,,,
hf_18637,huggingface,Grilled Lamb Chops with Tzatziki Sauce,whole-milk greek yogurt | lemon juice | dried dill | garlic | cucumber | salt | black pepper,https://www.saveur.com/article/recipes/grilled-lamb-chops-with-tzatziki-sauce,,,,,,,,,,,,,
hf_14690,huggingface,Vegetarian Arugula And Black Bean Tacos With Pickled Radish And Feta,olive oil | lime juice | jalapeño | dijon mustard | honey | coriander | black pepper | fine grain sea salt | black bean | white onion | cumin | water | salt | corn tortilla | arugula | avocado | feta | radish,http://cookieandkate.com/2014/fresh-arugula-and-black-bean-tacos-with-pickled-radish-and-feta/,,,,,,,,,,,,,
hf_20837,huggingface,Apple Pancakes Recipe,butter | egg | vanilla extract | flour | milk | salt | apple | cinnamon sugar,http://www.grouprecipes.com/91479/apple-pancakes.html,,,,,,,,,,,,,
hf_18992,huggingface,Irish Shortbread (Wheat Free Edition) Recipe,butter | brown sugar | rye flour | corn flour | sugar,http://recipeofhealth.com/recipe/irish-shortbread-wheat-free-edition-5742rb,,,,,,,,,,,,,
hf_30353,huggingface,Spaghetti Squash Alfredo Recipe,dried thyme | pepper | arrowroot powder,https://www.mommypotamus.com/spaghetti-squash-alfredo-recipe/,,,,,,,,,,,,,
hf_20502,huggingface,Easy Oven Baked Parmesan Crusted Chicken Recipe,chicken breast | cracker | parmesan cheese | italian seasoning | onion powder | garlic powder | salt | pepper | butter,https://amomsimpression.com/easy-oven-baked-parmesan-crusted-chicken-recipe,,,,,,,,,,,,,
hf_17139,huggingface,Penne with Sausage and Rapini,olive oil | garlic | red pepper flake | italian sausage | whipping cream | penne | rapini | salt | pepper,http://sprinklesandsauce.com/penne-sausage-rapini/,,,,,,,,,,,,,
hf_22847,huggingface,Paleo Mushroom Leek Frittata recipes,mushroom | leek | coconut oil | egg | salt,http://www.jaysbakingmecrazy.com/2016/01/14/paleo-mushroom-leek-frittata/,,,,,,,,,,,,,
hf_2467,huggingface,Easy and Fabulous Focaccia Bread recipes,water | butter | milk powder | sugar | salt | bread flour | yeast | olive oil | parmesan cheese | dried rosemary | garlic salt,http://www.eatcakefordinner.net/2013/06/easy-and-fabulous-focaccia-bread.html,,,,,,,,,,,,,
hf_35770,huggingface,Thyme Marinaded Grilled Seafood,sea scallop | lemon juice | olive oil | thyme | garlic | hot pepper | salt | pepper,http://gardenmatter.com/recipes/thyme-marinaded-grilled-seafood/,,,,,,,,,,,,,
hf_22580,huggingface,Braised Collard Greens and Butternut Squash,olive oil | shallot | salt | garlic | ginger | black pepper | collard greens | butternut squash | butter | lemon juice,https://www.foodnetwork.com/recipes/food-network-kitchen/braised-collard-greens-and-butternut-squash-3362938,,,,,,,,,,,,,
hf_729,huggingface,Pulled Pork Taco Soup,pork | corn | salsa | jalapeño | black bean | taco seasoning | seasoning | beef broth,https://www.thediaryofarealhousewife.com/pulled-pork-taco-soup,,,,,,,,,,,,,
hf_3151,huggingface,Morning Pick Me Up Coffee Smoothie recipes,coconut milk | water | coffee | banana | ice | protein powder,http://www.blenderhappy.com/coffee-smoothie-a-morning-pick-me-up/,,,,,,,,,,,,,
hf_4,huggingface,The Macaron Frappé,macaron | milk | vanilla ice cream | ice,http://www.frenchrevolutionfood.com/2013/07/le-macaron-frappe-milkshake-for-bastille-day/,,,,,,,,,,,,,
hf_21544,huggingface,Halloween Goody Bars,oats | flour | brown sugar | salt | butter | pecan | sweetened condensed milk | semisweet chocolate chip | chocolate candy,http://www.bettycrocker.com/recipes/halloween-goody-bars/f778226a-28f1-4e37-b8f4-9392631dd6b0,,,,,,,,,,,,,
hf_12395,huggingface,Peach and Jalapeño BBQ Sauce,peach | onion | jalapeño | ketchup | bbq sauce | tomato sauce | honey | worcestershire sauce | lemon juice | brown sugar | ground ginger | ground mustard | smoked paprika | salt | pepper,https://food52.com/recipes/29866-peach-and-jalapeno-bbq-sauce,,,,,,,,,,,,,
hf_11402,huggingface,Simmered Tofu,firm tofu | water | soy sauce | mirin | garlic | chili powder | sesame oil | sugar | sesame seed | green onion | oil,https://mamaloli.com/recipes/side-dish/simmered-tofu-recipe/,,,,,,,,,,,,,
hf_23774,huggingface,Black Bean Polenta Casserole,water | polenta | onion | red pepper | garlic | cumin | chili powder | salt | black bean | cheddar cheese,http://www.farmgirlgourmet.com/2011/04/black-bean-polenta-casserole.html,,,,,,,,,,,,,
hf_14101,huggingface,Easy Bacon-Wrapped Asparagus,asparagus | bacon | olive oil | black pepper,https://easygoodideas.com/easy-bacon-wrapped-asparagus-recipe,,,,,,,,,,,,,
hf_13699,huggingface,Hot and Sour Soup with Wontons,ground pork | ginger | toasted sesame oil | soy sauce | green onion | garlic | wonton wrapper,https://www.foodandwine.com/recipes/hot-and-sour-soup-wontons,,,,,,,,,,,,,
hf_5946,huggingface,Honey Gingerbread Men Cookies,flour | cinnamon | ginger | clove | baking soda | orange zest | vanilla extract | butter | egg | honey,https://honestcooking.com/honey-gingerbread-men-cookies-recipe,,,,,,,,,,,,,
hf_38983,huggingface,Quick Homemade Pizza Sauce,tomato sauce | tomato paste | italian seasoning | garlic powder | dried oregano | red pepper flake | sugar | black pepper,https://theblondcook.com/quick-homemade-pizza-sauce,,,,,,,,,,,,,
hf_6160,huggingface,Do Anything Bread Dough,water | yeast | olive oil | flour | bread | salt | sugar,https://www.recipecommunity.com.au/breads-rolls-recipes/do-anything-bread-dough/m1gy7y6w-a0c74-253497-cfcd2-tfzc91t9,,,,,,,,,,,,,
hf_11767,huggingface,Cumin Roasted Pumpkin Salad with Creamy Cilantro Dressing,pumpkin | olive oil | cumin | salt | greek yogurt | cilantro leaf | lime juice | romaine | pepita,https://www.foodandwine.com/recipes/cumin-roasted-pumpkin-salad-creamy-cilantro-dressing,,,,,,,,,,,,,
hf_17301,huggingface,Herbed Cherry Tomatoes Recipe 4,cherry tomato | vegetable oil | white vinegar | parsley | basil | oregano | salt | sugar | lettuce,http://www.tasteofhome.com/Recipes/Herbed-Cherry-Tomatoes,,,,,,,,,,,,,
hf_18046,huggingface,Easy Cheap and Yummy Casserole,baked bean | hot dog | corn bread mix,https://www.allrecipes.com/recipe/64539/easy-cheap-and-yummy-casserole,,,,,,,,,,,,,
hf_444,huggingface,Australian Style Potato Salad,potato | onion | parsley | cilantro | mustard | low-fat mayonnaise | hard-boiled egg | salt | pepper,http://www.food.com/recipe/australian-style-potato-salad-371566,,,,,,,,,,,,,
hf_27677,huggingface,Camembert Pear Grilled Cheese,butter | gluten free bread | camembert | pear,https://tastykitchen.com/recipes/main-courses/camembert-pear-grilled-cheese/,,,,,,,,,,,,,
hf_30747,huggingface,Yosi's Israeli Salad,plum tomato | cucumber | green onion | parsley | mint leaf | dill | olive oil | lemon | salt | pepper,http://www.food.com/recipe/yosis-israeli-salad-135390,,,,,,,,,,,,,
hf_19245,huggingface,"Pea, asparagus & burrata salad with mint salsa verde",asparagus | pea | shallot | olive oil | lemon | mint | sugar | caper | pea shoot | burrata | sourdough,https://www.bbcgoodfood.com/premium/pea-asparagus-burrata-salad-with-mint-salsa-verde,,,,,,,,,,,,,
hf_16139,huggingface,Bountilicious Chocolate & Coconut Dairy Free Ice Cream Recipe,coconut milk | cocoa | sugar | rum,https://www.kaveyeats.com/2015/03/chocolate-coconut-dairy-free-ice-cream.html,,,,,,,,,,,,,
hf_10048,huggingface,Moorish Lamb Stew With Prunes Recipe,lamb | salt | black pepper | lemon juice | olive oil | onion | garlic | lemon zest | ground cinnamon | ground clove | saffron | sweet wine | pitted prune,http://www.grouprecipes.com/31459/moorish-lamb-stew-with-prunes.html,,,,,,,,,,,,,
hf_32938,huggingface,Beer Cheese with Pretzels,cheddar | beer | jalapeno | onion powder | garlic powder,http://thislilpiglet.net/2016/10/beer-cheese-pretzels/,,,,,,,,,,,,,
themealdb_53347,themealdb,No-Churn Rum Raisin Ice Cream,dark rum | raisin | vanilla extract | condensed milk | brown sugar | ground cinnamon | allspice | heavy cream | salt,https://www.myforkinglife.com/rum-raisin-ice-cream/#recipe,,,,,,,,,,,,,
themealdb_53081,themealdb,Potato Salad (Olivier Salad),potato | carrot | salt | white wine vinegar | egg | sausage | dill | pea | onion | mayonnaise,https://www.sweetandsavorybyshinee.com/russian-potato-salad/,,,,,,,,,,,,,
themealdb_53454,themealdb,Breadfruit in Butter Sauce Recipe,breadfruit | onion | olive oil | butter | garlic | tinned tomato | parsley | lime juice | salt | pepper | water | red pepper paste,https://www.totallybarbados.com/articles/barbados-recipes/breadfruit-butter-sauce-recipe/,,,,,,,,,,,,,
themealdb_53045,themealdb,Portuguese fish stew (Caldeirada de peixe),onion | red pepper | coriander | red chilli | garlic | dry white wine | saffron | bay leaf | potato | plum tomato | cod | squid | tiger prawn | clam | mussel | baguette,https://www.olivemagazine.com/recipes/one-pots/portuguese-fish-stew-caldeirada-de-peixe/,,,,,,,,,,,,,
themealdb_53552,themealdb,Hveder - Danish Wheat Buns,milk | yeast | egg | sugar | coarse salt | ground cardomom | flour | butter,https://denmark.dk/people-and-culture/recipes/danish-wheat-buns/,,,,,,,,,,,,,
themealdb_53497,themealdb,Nom Banh Chok – Cambodian Noodle Soup,water | chicken thigh | garlic | vegetable oil | fish sauce | salt | sugar | rice noodle | bean sprout | mint | lime | red chilli,https://recipes-for-life.com/cambodian-recipes/,,,,,,,,,,,,,
themealdb_53141,themealdb,Carbonada Criolla,beef | onion | carrot | potato | pumpkin | dried apricot | beef stock | salt | pepper,https://www.munchery.com/blog/the-ten-iconic-dishes-of-argentina-and-how-to-cook-them-at-home/,,,,,,,,,,,,,
themealdb_53105,themealdb,Spiced smoky barbecued chicken,garlic | lemon | curry powder | chilli flake | olive oil | chicken thigh | rosemary | thyme | bay leaf,https://www.bbcgoodfood.com/recipes/spiced-smoky-barbecued-chicken,,,,,,,,,,,,,
themealdb_53455,themealdb,Chicken Liver Pate Recipe,chicken liver | bacon | garlic | onion | ground mustard | salt | pepper | milk | sherry,https://www.totallybarbados.com/articles/barbados-recipes/chicken-liver-pate/,,,,,,,,,,,,,
themealdb_53229,themealdb,Steak & Vietnamese noodle salad,brown rice noodle | rapeseed oil | fillet of steak | carrot | chinese cabbage | green onion | coriander | red chilli | lime | brown sugar | rice vinegar | garlic | fish sauce,https://www.bbcgoodfood.com/recipes/steak-vietnamese-noodle-salad,,,,,,,,,,,,,
themealdb_53165,themealdb,Torrijas with sherry,egg | double cream | milk | golden caster sugar | sweet sherry | bread | olive oil | icing sugar | creme fraiche,https://www.bbcgoodfood.com/recipes/torrijas-sherry,,,,,,,,,,,,,
themealdb_53013,themealdb,Big Mac,beef | olive oil | sesame seed burger bun | onion | iceberg lettuce | cheese | dill pickle | mayonnaise | white wine vinegar | pepper | mustard | onion salt | garlic powder | paprika,https://www.delicious.com.au/recipes/finally-recipe-worlds-top-selling-burger-big-mac/5221ee4a-279e-4a0b-8629-f442dc46822e,,,,,,,,,,,,,
themealdb_53034,themealdb,Japanese Katsudon,vegetable oil | onion | pork | vegetable stock | soy sauce | mirin | sugar | egg | sushi rice | chive,https://www.bbcgoodfood.com/recipes/japanese-katsudon,,,,,,,,,,,,,
themealdb_53291,themealdb,Cornes de Gazelle (Gazelle Horns),almond | sugar | ground cinnamon | egg | orange blossom water | flour | butter | salt | vegetable oil | pistachio,https://www.allrecipes.com/recipe/262056/cornes-de-gazelle-gazelle-horns/,,,,,,,,,,,,,
themealdb_53108,themealdb,Quick salt & pepper squid,squid | oil | chinese five spice powder | sesame seed oil | coriander | sweet chilli sauce,https://www.bbcgoodfood.com/recipes/salt-pepper-squid-0,,,,,,,,,,,,,
themealdb_52922,themealdb,Prawn & Fennel Bisque,tiger prawn | olive oil | onion | fennel | carrot | dry white wine | brandy | tomato | fish stock | paprika | double cream | prawn,https://www.bbcgoodfood.com/recipes/71600/prawn-and-fennel-bisque,,,,,,,,,,,,,
themealdb_53286,themealdb,Khobz el Dar (Algerian Semolina Bread),semolina flour | sesame seed | sugar | yeast | salt | vegetable oil | egg | milk | flour | water,https://www.allrecipes.com/recipe/258887/khobz-el-dar-algerian-semolina-bread/,,,,,,,,,,,,,
themealdb_52819,themealdb,Cajun spiced fish tacos,cajun | cayenne pepper | white fish | vegetable oil | flour tortilla | avocado | little gem lettuce | green onion | salsa | sour cream | lemon | garlic,https://realfood.tesco.com/recipes/cajun-spiced-fish-tacos.html,,,,,,,,,,,,,
themealdb_53241,themealdb,Vietnamese veg parcels,rice flour pancake | rice noodle | chicken breast | carrot | cucumber | red pepper | lettuce | coriander | mint | fish sauce | rice vinegar | lime | red chilli,https://www.bbcgoodfood.com/recipes/vietnamese-veg-parcels,,,,,,,,,,,,,
themealdb_53512,themealdb,Conch Stew,conch | onion | green pepper | red pepper | green onion | salt | black pepper | seasoning | coconut | flour | chilli | vegetable oil | water,https://www.ourcayman.ky/en-us/about/more-about-cayman/recipes,,,,,,,,,,,,,
themealdb_53364,themealdb,Jamaican Steamed Cabbage,cabbage | carrot | plum tomato | onion | garlic | green onion | thyme | scotch bonnet | water | olive oil | butter | salt | black pepper,https://www.myforkinglife.com/jamaican-cabbage/#recipe,,,,,,,,,,,,,
themealdb_53382,themealdb,Dutch stroopwafel,milk | instant yeast | flour | butter | sugar | egg | salt | dutch stroop | brown sugar | cinnamon,https://www.inlaurasbakery.com/dutch-stroopwafels-recipe/,,,,,,,,,,,,,
themealdb_53373,themealdb,Air Fryer Egg Rolls,olive oil | ground pork | garlic | ginger | carrot | green onion | cabbage | soy sauce | rice vinegar | egg roll wrapper | oil | duck sauce | plum sauce,https://www.simplyrecipes.com/recipes/air_fryer_chinese_egg_rolls/,,,,,,,,,,,,,
themealdb_53252,themealdb,Turkish rice (vermicelli rice),rice | vegetable oil | vermicelli pasta | butter | chicken stock,https://www.bbcgoodfood.com/recipes/turkish-rice-vermicelli-rice,,,,,,,,,,,,,
themealdb_53048,themealdb,Mee goreng mamak,peanut | chilli | prawn | oil | water | tamarind paste | potato | red onion | garlic | cabbage | chinese broccoli | tofu | soy sauce | noodle | egg,https://www.nyonyacooking.com/recipes/mee-goreng-mamak~BkTLRjTuX,,,,,,,,,,,,,
themealdb_53313,themealdb,Beetroot latkes,rapeseed oil | greek yogurt | mint | rocket | cherry tomato | beetroot | egg | flour | garlic | caraway seed | ground cumin | lemon,https://www.bbcgoodfood.com/recipes/beetroot-latkes,,,,,,,,,,,,,
themealdb_52812,themealdb,Beef Brisket Pot Roast,beef brisket | salt | onion | garlic | thyme | rosemary | bay leaf | beef stock | carrot | mustard | potato,http://www.simplyrecipes.com/recipes/beef_brisket_pot_roast/,,,,,,,,,,,,,
themealdb_53225,themealdb,Yemeni Lahsa (Elite Shakshuka),egg | onion | tomato | olive oil | allspice | black pepper | liquid cheese,https://cookpad.com/eng/recipes/24629321?ref=search&search_term=saudi+arabia,,,,,,,,,,,,,
themealdb_53059,themealdb,Mushroom soup with buckwheat,mushroom | buckwheat | vegetable oil | onion | garlic | bay leaf | vegetable stock cube | sour cream | white wine vinegar | parsley,https://www.visit-croatia.co.uk/croatian-cuisine/croatian-recipes/,,,,,,,,,,,,,
themealdb_53127,themealdb,Authentic Norwegian Kransekake,almond | egg white | powdered sugar | lemon juice,https://scandinaviancookbook.com/classic-norwegian-kransekake-recipe/,,,,,,,,,,,,,
themealdb_53170,themealdb,Chocolate churros with chocolate & salted caramel sauce,sunflower oil | ice cream | muscovado sugar | butter | double cream | dark chocolate | golden caster sugar | cinnamon | flour | cocoa powder | baking powder | vanilla extract | melted butter,https://www.bbcgoodfood.com/recipes/chocolate-churros-with-chocolate-salted-caramel-sauce,,,,,,,,,,,,,
themealdb_53124,themealdb,Raspeballer (Norwegian Potato Dumplings),pork knuckle | sausage | potato | red potato | flour | salt | bouillon cube | parsley | swede | carrot | cream | butter | nutmeg,https://scandinaviancookbook.com/raspeballer-norwegian-potato-dumplings/,,,,,,,,,,,,,
themealdb_53036,themealdb,Boxty Breakfast,potato | green onion | flour | egg white | milk | bicarbonate of soda | butter | vegetable oil | cherry tomato | bacon | egg,https://www.bbcgoodfood.com/recipes/boxty-bacon-eggs-tomatoes,,,,,,,,,,,,,
themealdb_52951,themealdb,General Tsos Chicken,chicken breast | flour | egg | starch | baking powder | salt | onion salt | garlic powder | water | chicken stock | duck sauce | soy sauce | honey | rice vinegar | sesame seed oil | gochujang | garlic | green onion | ginger,https://www.skinnytaste.com/general-tsos-chicken/,,,,,,,,,,,,,
themealdb_53438,themealdb,Bolita di Keshi,cheddar cheese | feta | egg | cornstarch,https://www.visitaruba.com/aruba-recipes/bolita-di-keshi/,,,,,,,,,,,,,
themealdb_53570,themealdb,Layered mango custard,custard | whipping cream | milk | sugar | water | vanilla extract | mint | mango,https://dominicagourmet.com/layered-mango-custard/,,,,,,,,,,,,,
themealdb_53035,themealdb,Ham hock colcannon,floury potato | butter | garlic | cabbage | green onion | double cream | mustard | ham | egg,https://www.bbcgoodfood.com/recipes/ham-hock-colcannon,,,,,,,,,,,,,
themealdb_53131,themealdb,Fyrstekake – Norwegian Prince Cake,sugar | vanilla extract | butter | egg yolk | flour | baking powder | almond | brown sugar | melted butter | egg | brandy | almond extract,https://scandinaviancookbook.com/fyrstekake-norwegian-prince-cake/,,,,,,,,,,,,,
themealdb_53443,themealdb,Satee,onion | garlic | lemon | sugar | soy sauce | salt | ground coriander | oil | beef,https://www.visitaruba.com/aruba-recipes/satee/,,,,,,,,,,,,,
themealdb_53416,themealdb,"Trinxat (Potato, Cabbage and Bacon Hash)",cabbage | russet potato | bacon | garlic | parsley | salt | pepper,https://www.internationalcuisine.com/trinxat/#wprm-recipe-container-12938,,,,,,,,,,,,,
themealdb_53501,themealdb,Num Pang – Cambodian Baguette Sandwich,baguette | chicken thigh | soy sauce | honey | vegetable oil | carrot | daikon radish | rice vinegar | sugar | mayonnaise | sriracha | cilantro leaf | cucumber,https://recipes-for-life.com/cambodian-recipes/,,,,,,,,,,,,,
themealdb_53285,themealdb,Dziriat (Algerian Almond Tarts),sugar | water | lemon juice | orange blossom water | flour | vegetable oil | egg | salt | almond | baking powder | vanilla | lemon | cornstarch | pine nut,https://www.allrecipes.com/recipe/69501/dziriat-algerian-almond-tarts/,,,,,,,,,,,,,
themealdb_53037,themealdb,Coddled pork with cider,butter | pork chop | bacon | potato | carrot | swede | cabbage | bay leaf | cider | chicken stock,https://www.bbcgoodfood.com/recipes/irish-coddled-pork-cider,,,,,,,,,,,,,
themealdb_53495,themealdb,Amok Trey – Cambodian Fish Curry,fish fillet | coconut milk | red curry paste | fish sauce | brown sugar | chicken stock | egg | kaffir lime leaf | vegetable oil | banana leaf | cilantro | lime,https://recipes-for-life.com/cambodian-recipes/,,,,,,,,,,,,,
themealdb_53204,themealdb,Red curry chicken kebabs,chicken breast | thai red curry paste | coconut milk | red pepper | zucchini | red onion | lime,https://www.bbcgoodfood.com/recipes/red-curry-chicken-kebabs,,,,,,,,,,,,,
themealdb_53486,themealdb,Easy White Bean Soup,cannellini bean | onion | vegetable oil | red pepper | tomato puree | carrot | water | dried mint | thyme | summer savoury | black pepper | salt | parsley,https://cookinglsl.com/bulgarian-white-bean-soup/,,,,,,,,,,,,,
themealdb_53284,themealdb,Algerian Bouzgene Berber Bread with Roasted Pepper Sauce,red pepper | tomato | olive oil | garlic | jalapeno | salt | semolina | water,https://www.allrecipes.com/recipe/72363/algerian-bouzgene-berber-bread-with-roasted-pepper-sauce/,,,,,,,,,,,,,
themealdb_53176,themealdb,Spanish tomato bread with jamón Serrano,tomato | garlic | olive oil | salt | pepper | baguette | serrano ham,https://www.bbcgoodfood.com/recipes/spanish-tomato-bread-jamon-serrano,,,,,,,,,,,,,
themealdb_52866,themealdb,Squash linguine,butternut squash | garlic | olive oil | linguine pasta | sage,https://www.bbcgoodfood.com/recipes/creamy-squash-linguine,,,,,,,,,,,,,
themealdb_53397,themealdb,Haft Mewa Recipe,dried apricot | light raisin | raisin | walnut | almond | pistachio | cherry | rose water,https://www.afghanaid.org.uk/haft-mewa-recipe,,,,,,,,,,,,,
