recipe_id,recipe_name,ingredients,flag,answer,pipeline_flag,why_flagged,team_check
culinarydb_32757,Whole Seabass with Fennel and Orange Zest,sea bass | champagne vinegar | to 2 heads fennel | garlic | clementine juice | olive oil | orange | parsley | salt | pepper | shallot | thyme,contains_alcohol,0,1,keyword: champagne,
hf_3961,Chicken Pineapple Kabobs,soy sauce | brown sugar | sesame oil | ground ginger | garlic powder | chicken breast | pineapple | bbq sauce,contains_alcohol,0,1,"no keyword in the cleaned ingredients (raw ingredient text, or a Hugging Face label)",
culinarydb_37477,Zucchini-Blossom Quesadillas,oaxacan string cheese | garlic | white onion | tomato | corn tortilla flour | equipment: 2 squares cut from a 1-quarts sealable plastic bag; a tortilla press; a comal | vegetable oil | warm water | zucchini blossom,contains_gluten,0,1,keyword: flour,
culinarydb_6855,Champurrado,pod star anise | cinnamon stick | clove | pinole | milk | piloncillo | water,contains_gluten,0,1,"no keyword in the cleaned ingredients (raw ingredient text, or a Hugging Face label)",
culinarydb_37991,Easter Lamb Roasted with Artichokes and Potatoes from the Mani,artichoke | one 3- to 4-pound leg of spring lamb | juice of 4 to 6 lemon | olive oil | salt and freshly ground black pepper to taste | all-purpose potato | to 4 fresh rosemary sprig,contains_gluten,1,0,"no keyword in the cleaned ingredients (raw ingredient text, or a Hugging Face label)",
foodcom_311400,fresh chinese cabbage salad,cabbage | cilantro | red onion | ginger | sesame oil | tamari | rice wine vinegar | honey | black pepper,contains_gluten,1,0,"no keyword in the cleaned ingredients (raw ingredient text, or a Hugging Face label)",
foodcom_36930,creamy banana pudding,eagle brand condensed milk | whipping cream | cold water | vanilla wafer | vanilla flavor instant pudding and pie filling mix | banana | lemon juice,contains_gluten,0,1,keyword: vanilla wafer,
foodcom_361492,southwest nacho casserole,lean ground beef | water | taco seasoning mix | green chily | refried bean | cheddar cheese | tomato | green onion | ripe olive | tortilla chip | sour cream,contains_gluten,1,0,"no keyword in the cleaned ingredients (raw ingredient text, or a Hugging Face label)",
hf_3754,"Wild Rice, Italian Sausage and Shiitake Stuffing",broth | shiitake mushroom | wild rice | bay leaf | coarse salt | italian sausage | meat | olive oil | onion | pepper | granny smith | fennel seed,contains_gluten,0,1,keyword: stuffing,
hf_26471,Fragrant cucumber & yogurt soup,cucumber | greek yogurt | chicken stock | garlic | mint leaf | flatbread,contains_gluten,0,1,"no keyword in the cleaned ingredients (raw ingredient text, or a Hugging Face label)",
hf_945,Homemade Nestlé Crunch Bar Wedding Favors,semi-sweet chocolate | puffed rice cereal,contains_gluten,1,0,"no keyword in the cleaned ingredients (raw ingredient text, or a Hugging Face label)",
hf_1521,Layered Mediterranean Salad recipes,cheese tortellini | italian dressing | cherry | feta cheese | red onion | roasted red bell pepper | basil | cucumber | artichoke heart | black olive | salt | black pepper | parmesan cheese,contains_gluten,0,1,keyword: tortellini,
themealdb_53362,Jamaican Curry Shrimp Recipe,jumbo shrimp | jamaican curry powder | all-purpose seasoning | olive oil | onion | red pepper | green pepper | scotch bonnet | garlic | unsweetened coconut milk | tomato ketchup | thyme | salt | pepper,contains_gluten,1,0,"no keyword in the cleaned ingredients (raw ingredient text, or a Hugging Face label)",
themealdb_53345,Jamaican Curry Chicken Recipe,chicken thigh | curry powder | all-purpose seasoning | onion | green onion | green pepper | garlic | scotch bonnet | thyme | olive oil | water | russet potato | salt | pepper,contains_gluten,1,0,"no keyword in the cleaned ingredients (raw ingredient text, or a Hugging Face label)",
themealdb_53280,Poulet Roti a l'Algerienne (Algerian Roast Chicken),water | onion | olive oil | balsamic vinegar | dijon mustard | garlic | black pepper | cayenne pepper | salt | chicken,contains_gluten,0,1,keyword: roti,
culinarydb_16678,Colorado Buffalo Chili,chili bean | kidney bean | ground buffalo | cayenne pepper | ground cumin | garlic | tomatoes with green chile | onion | anaheim chile pepper | poblano chile pepper | red pepper flake | salt and ground black pepper to taste | tomato soup,contains_dairy,0,1,keyword: tomato soup,
hf_33814,Light-as-Air Pandan Chiffon Cake,pandan | water | egg | cake flour | sugar | coconut | baking powder | salt | unsweetened coconut milk | vegetable oil | cream of tartar,contains_dairy,1,0,"no keyword in the cleaned ingredients (raw ingredient text, or a Hugging Face label)",
hf_945,Homemade Nestlé Crunch Bar Wedding Favors,semi-sweet chocolate | puffed rice cereal,contains_dairy,0,1,"no keyword in the cleaned ingredients (raw ingredient text, or a Hugging Face label)",
hf_27179,Banana Poi,banana | lemon juice | coconut cream,contains_dairy,1,0,"no keyword in the cleaned ingredients (raw ingredient text, or a Hugging Face label)",
hf_4492,White Chocolate Cherry Pistachio Bark Recipe,dried cherry | water | white chocolate | candy | pistachio,contains_dairy,0,1,keyword: white chocolate,
hf_28770,Healthy Almond Butter Granola,rolled oats | chia seed | cinnamon | banana | vanilla extract | avocado oil | honey | almond butter,contains_dairy,1,0,"no keyword in the cleaned ingredients (raw ingredient text, or a Hugging Face label)",
themealdb_53362,Jamaican Curry Shrimp Recipe,jumbo shrimp | jamaican curry powder | all-purpose seasoning | olive oil | onion | red pepper | green pepper | scotch bonnet | garlic | unsweetened coconut milk | tomato ketchup | thyme | salt | pepper,contains_dairy,1,0,"no keyword in the cleaned ingredients (raw ingredient text, or a Hugging Face label)",
themealdb_52940,Brown Stew Chicken,chicken | tomato | onion | garlic | red pepper | carrot | lime | thyme | allspice | soy sauce | cornstarch | coconut milk | vegetable oil,contains_dairy,1,0,"no keyword in the cleaned ingredients (raw ingredient text, or a Hugging Face label)",
themealdb_53051,Nasi lemak,coconut milk | water | ginger paste | ginger | bay leaf | rice | egg | cucumber | peanut | anchovy fillet | vegetable oil | onion | garlic | shallot | chilli powder | sugar | tamarind paste,contains_dairy,1,0,"no keyword in the cleaned ingredients (raw ingredient text, or a Hugging Face label)",
culinarydb_19342,Thai Ribs and Legs,carrot | cilantro leaves and tender stem | cilantro | scallion top | thai cucumber | seedless cucumber | chicken drummer | about 2 tablespoons fish sauce | fish sauce | garlic | one 2-inch piece fresh ginger | honey | jasmine rice | lemongrass | juice of 1 lime | mint | mint leaf | dry-roasted cashew | serrano chile pepper | fresno chile pepper | pork loin rib | fine sea salt | scallion white | about 1/4 cup low-sodium soy sauce | packed light brown sugar | superfine sugar | about 3 tablespoons rice vinegar | rice vinegar,contains_peanut,0,1,"no keyword in the cleaned ingredients (raw ingredient text, or a Hugging Face label)",
foodcom_274354,maple nut sticky buns,pecan | maple syrup | flour | sugar | fast-rising active dry yeast | salt | warm water | butter | egg | light brown sugar | cinnamon,contains_peanut,0,1,keyword: nut,
foodcom_235728,wasabi marinated beef satay with fiery japanese dipping sauce,sirloin steak | sesame seed | wasabi powder | water | soy sauce | olive oil | rice vinegar | brown sugar | seasoning | skewer | chive,contains_peanut,0,1,keyword: satay,
culinarydb_38262,Chocolate Gateaux,di saronno amaretto | fine-quality bittersweet chocolate | vegetable cooking-oil spray | heavy cream | plus 2 tablespoons heavy cream | egg | accompaniment: ice cream and/or fresh fruit coulis,contains_tree_nut,0,1,"no keyword in the cleaned ingredients (raw ingredient text, or a Hugging Face label)",
hf_31138,Chairman’s Refresher,cucumber | liqueur | coconut water | white rum,contains_tree_nut,0,1,"no keyword in the cleaned ingredients (raw ingredient text, or a Hugging Face label)",
hf_24175,Maple Cinnamon Granola recipes,oatmeal | nut | dried fruit | vanilla | cinnamon | salt | brown sugar | maple syrup,contains_tree_nut,0,1,keyword: nut,
culinarydb_26227,"""Ayuh"" Seafood Paella",brandy | one 4-pound package boneless chicken breast | heaping cup minced fresh garlic | lemon | five 1 1/2-pound lobster | broth | dozen maine mussel | olive oil | heaping cup chopped onion | paprika | pea | green pepper | red pepper | black pepper | long grain rice | saffron | salt | maine scallop | shrimp | seeded,contains_fish,0,1,keyword: seafood,
themealdb_53051,Nasi lemak,coconut milk | water | ginger paste | ginger | bay leaf | rice | egg | cucumber | peanut | anchovy fillet | vegetable oil | onion | garlic | shallot | chilli powder | sugar | tamarind paste,contains_fish,0,1,keyword: anchovy,
hf_3853,Shrimp with Mushrooms Recipe,shrimp | chicken bouillon granule | water | soft bread crumb | mushroom | celery | butter | garlic powder | pepper sauce,contains_mollusc,0,1,"no keyword in the cleaned ingredients (raw ingredient text, or a Hugging Face label)",
foodcom_151169,country ham and biscuit bake,biscuit dough | tiny pea | ham | margarine | onion | flour | black pepper | dry mustard | milk | mild cheddar cheese | potato,contains_soy,0,1,keyword: biscuit,
foodcom_296032,breakfast empanadas light version 3 pt,onion | olive oil | hash brown potato | frozen spinach | egg beaters egg substitute | lean bacon | refrigerated reduced-fat buttermilk biscuit | laughing cow light garlic and herb cheese,contains_soy,0,1,keyword: biscuit,
foodcom_56281,chocolate pumpkin mini cakes,yellow cake mix | sugar-free instant chocolate pudding mix | pumpkin | water | egg substitute,contains_soy,0,1,keyword: yellow cake mix,
foodcom_48888,clark bar squares,graham cracker | peanut butter | margarine | powdered sugar | milk chocolate chip | eagle brand condensed milk,contains_soy,0,1,keyword: graham cracker,
hf_945,Homemade Nestlé Crunch Bar Wedding Favors,semi-sweet chocolate | puffed rice cereal,contains_soy,0,1,keyword: semi-sweet chocolate,
hf_21230,Chicken-And-Biscuit Pot Pie,butter | yellow onion | carrot | celery | green bean | flour | chicken broth | boneless | parsley | biscuit | thyme | salt | black pepper | buttermilk biscuit,contains_soy,0,1,keyword: biscuit,
hf_25917,Easy Mint Chip Ice Cream,sweetened condensed milk | water | peppermint | food coloring | heavy whipping cream | semisweet chocolate chip,contains_soy,0,1,keyword: semisweet chocolate,
hf_1521,Layered Mediterranean Salad recipes,cheese tortellini | italian dressing | cherry | feta cheese | red onion | roasted red bell pepper | basil | cucumber | artichoke heart | black olive | salt | black pepper | parmesan cheese,contains_soy,0,1,keyword: italian dressing,
hf_4492,White Chocolate Cherry Pistachio Bark Recipe,dried cherry | water | white chocolate | candy | pistachio,contains_soy,0,1,keyword: white chocolate,
themealdb_52833,Salted Caramel Cheescake,digestive biscuit | pretzel | butter | cream cheese | vanilla extract | icing sugar | caramel | salt | double cream | caramel sauce | toffee popcorn,contains_soy,0,1,keyword: biscuit,
culinarydb_32757,Whole Seabass with Fennel and Orange Zest,sea bass | champagne vinegar | to 2 heads fennel | garlic | clementine juice | olive oil | orange | parsley | salt | pepper | shallot | thyme,contains_sulfites,0,1,keyword: champagne,
culinarydb_25988,Baked Fish 'N' Chips with Honey Vinegar,baking powder | cider vinegar | cod fillet | cooking spray | egg | flour | honey | lowfat milk | salt and ground black pepper | potato | steamed spinach,contains_meat,1,0,"no keyword in the cleaned ingredients (raw ingredient text, or a Hugging Face label)",
culinarydb_14406,New England Bean Dip,canned kidney bean | garlic powder | white horseradish | mayonnaise | dry mustard | onion | black pepper | sweet pickle relish | salt | worcestershire sauce,contains_meat,1,0,"no keyword in the cleaned ingredients (raw ingredient text, or a Hugging Face label)",
culinarydb_29985,BBQ Shrimp Po-Boy,french roll | bay leaf | butter | cayenne pepper | garlic | juice of 1 lemon | sweet paprika | kosher salt and freshly ground black pepper to taste | shrimp | worcestershire sauce,contains_meat,1,0,"no keyword in the cleaned ingredients (raw ingredient text, or a Hugging Face label)",
culinarydb_32757,Whole Seabass with Fennel and Orange Zest,sea bass | champagne vinegar | to 2 heads fennel | garlic | clementine juice | olive oil | orange | parsley | salt | pepper | shallot | thyme,contains_meat,1,0,"no keyword in the cleaned ingredients (raw ingredient text, or a Hugging Face label)",
culinarydb_16290,"RITZ ""Everything"" Bites with Lox and Schmear",caper | cream cheese | thin slices cucumber | garlic | lemon juice | red onion | lox | dry-packed sun-dried tomato,contains_meat,1,0,"no keyword in the cleaned ingredients (raw ingredient text, or a Hugging Face label)",
culinarydb_34435,Metropolitan Grill's Cheddar Cheese and Beer Sauce,your favorite beer | pinch cayenne | cheddar | flour | pinch granulated garlic | milk | dry mustard | green onion | parsley | pinch white pepper | salad oil | salt | worcestershire sauce,contains_meat,1,0,"no keyword in the cleaned ingredients (raw ingredient text, or a Hugging Face label)",
foodcom_318833,garlic lover s shrimps,olive oil | red pepper flake | garlic | raw shrimp | salt | dry sherry | parsley | old bay seasoning,contains_meat,1,0,"no keyword in the cleaned ingredients (raw ingredient text, or a Hugging Face label)",
foodcom_138183,mediterranean salmon,tomato | olive oil | red wine vinegar | nicoise olive | red onion | caper | salt | pepper | salmon fillet | basil,contains_meat,1,0,"no keyword in the cleaned ingredients (raw ingredient text, or a Hugging Face label)",
hf_15517,Slow-Roasted Salmon with Harissa,olive oil | harissa | garlic | lemon | salmon | salt | herb,contains_meat,1,0,"no keyword in the cleaned ingredients (raw ingredient text, or a Hugging Face label)",
themealdb_53202,Thai-style steamed fish,trout | ginger | garlic | red chilli | lime | baby pak koi | soy sauce,contains_meat,1,0,"no keyword in the cleaned ingredients (raw ingredient text, or a Hugging Face label)",
themealdb_53423,Meang Nem,dried shrimp | rice | coconut | orange zest | chilli | peanut | pickled scallion head | pickled scallion head brine | galangal | shallot | orange juice | lime juice | fish sauce | palm sugar,contains_meat,1,0,"no keyword in the cleaned ingredients (raw ingredient text, or a Hugging Face label)",
themealdb_53122,Fiskesuppe (Creamy Norwegian Fish Soup),fish fillet | garlic | potato | carrot | leek | butter | flour | fish stock | milk | creme fraiche | shrimp | chive,contains_meat,1,0,"no keyword in the cleaned ingredients (raw ingredient text, or a Hugging Face label)",
themealdb_53362,Jamaican Curry Shrimp Recipe,jumbo shrimp | jamaican curry powder | all-purpose seasoning | olive oil | onion | red pepper | green pepper | scotch bonnet | garlic | unsweetened coconut milk | tomato ketchup | thyme | salt | pepper,contains_meat,1,0,"no keyword in the cleaned ingredients (raw ingredient text, or a Hugging Face label)",
themealdb_52962,Salmon Eggs Eggs Benedict,egg | white wine vinegar | english muffin | butter | smoked salmon | lemon juice,contains_meat,1,0,"no keyword in the cleaned ingredients (raw ingredient text, or a Hugging Face label)",
themealdb_52837,Pilchard puttanesca,spaghetti | olive oil | onion | garlic | red chilli | tomato puree | pilchard | black olive | parmesan,contains_meat,1,0,"no keyword in the cleaned ingredients (raw ingredient text, or a Hugging Face label)",
hf_1666,Stout Skirt Steak,beer | olive oil | red wine vinegar | dark brown sugar | garlic | pepper sauce | skirt steak,contains_beef,0,1,keyword: skirt steak,
culinarydb_16199,Buffalo Chicken Wings III,butter | cayenne pepper | chicken wing | red pepper sauce | tomato sauce,contains_red_meat,1,0,"no keyword in the cleaned ingredients (raw ingredient text, or a Hugging Face label)",
hf_3754,"Wild Rice, Italian Sausage and Shiitake Stuffing",broth | shiitake mushroom | wild rice | bay leaf | coarse salt | italian sausage | meat | olive oil | onion | pepper | granny smith | fennel seed,contains_poultry,0,1,"no keyword in the cleaned ingredients (raw ingredient text, or a Hugging Face label)",
foodcom_398859,orange cranberry bran muffins,all-bran cereal | wheat bran | buttermilk | egg | canola oil | boiling water | sugar substitute | frozen orange juice concentrate | orange zest | vanilla extract | whole wheat flour | ground flax seed | baking soda | cinnamon | ground ginger | salt | cranberry,contains_root_vegetable,1,0,"no keyword in the cleaned ingredients (raw ingredient text, or a Hugging Face label)",
hf_3961,Chicken Pineapple Kabobs,soy sauce | brown sugar | sesame oil | ground ginger | garlic powder | chicken breast | pineapple | bbq sauce,contains_root_vegetable,1,0,"no keyword in the cleaned ingredients (raw ingredient text, or a Hugging Face label)",
hf_32822,Veg.Kolhapuri,mixed vegetable | onion | tomato | cream | chili pepper | masala | coriander | jeera | saunf | red chili pepper | turmeric | cardamom pod | clove | cinnamon stick | oil | salt,contains_root_vegetable,0,1,"no keyword in the cleaned ingredients (raw ingredient text, or a Hugging Face label)",
hf_13718,Jessica rabbit cocktail,strawberry | cherry tomato | agave syrup | lime juice | mezcal | tequila | pineapple juice | ice | mint,contains_unclean_meat,0,1,keyword: rabbit,
foodcom_196316,coffee can cheese bread,milk | water | sugar | oil | salt | flour | yeast | egg | sharp cheddar cheese | pepper,contains_coffee_or_tea,0,1,keyword: coffee,
culinarydb_12153,Potato Candy from Ohio,butter | creamy peanut butter | leftover mashed potato | confectioners' sugar | vanilla extract,contains_added_salt,0,1,"no keyword in the cleaned ingredients (raw ingredient text, or a Hugging Face label)",
foodcom_225802,black chocolate cake,flour | sugar | baking powder | baking soda | salt | unsweetened cocoa powder | shortening | water | brewed coffee | vanilla | egg,contains_alcohol_extract,0,1,keyword: vanilla,
foodcom_96096,prize italian frosting,flour | milk | sugar | shortening | margarine | vanilla,contains_alcohol_extract,0,1,keyword: vanilla,
foodcom_36930,creamy banana pudding,eagle brand condensed milk | whipping cream | cold water | vanilla wafer | vanilla flavor instant pudding and pie filling mix | banana | lemon juice,contains_alcohol_extract,0,1,keyword: vanilla,
hf_24175,Maple Cinnamon Granola recipes,oatmeal | nut | dried fruit | vanilla | cinnamon | salt | brown sugar | maple syrup,contains_alcohol_extract,0,1,keyword: vanilla,
hf_25917,Easy Mint Chip Ice Cream,sweetened condensed milk | water | peppermint | food coloring | heavy whipping cream | semisweet chocolate chip,contains_alcohol_extract,0,1,"no keyword in the cleaned ingredients (raw ingredient text, or a Hugging Face label)",
hf_4492,White Chocolate Cherry Pistachio Bark Recipe,dried cherry | water | white chocolate | candy | pistachio,contains_alcohol_extract,0,1,"no keyword in the cleaned ingredients (raw ingredient text, or a Hugging Face label)",
hf_6777,Pinacolada Banana Smoothie,pineapple | banana | coconut milk | coconut,contains_alcohol_extract,0,1,"no keyword in the cleaned ingredients (raw ingredient text, or a Hugging Face label)",
themealdb_53535,Tamal De Maicena,milk | butter | sugar | vanilla | cornstarch | egg,contains_alcohol_extract,0,1,keyword: vanilla,
foodcom_457673,healthy baked falafel,chickpea | garlic | onion | flat leaf parsley | tahini | whole wheat bread crumb | coriander | cumin | salt | white pepper | water | whole wheat flour | olive oil,contains_fava,0,1,keyword: falafel,
culinarydb_8312,Arroz con Pollo (Peruvian Style),beer | carrot | skinless chicken piece | cilantro | garlic | onion | green pea | salt and ground black pepper to taste | white rice | vegetable oil | water,contains_nightshade,1,0,"no keyword in the cleaned ingredients (raw ingredient text, or a Hugging Face label)",
culinarydb_13624,Southern Style Chicken Toast,white bread | carrot | skinless | cornstarch | egg white | ground ginger | margarine | black pepper | soy sauce | sugar,contains_nightshade,1,0,"no keyword in the cleaned ingredients (raw ingredient text, or a Hugging Face label)",
culinarydb_14406,New England Bean Dip,canned kidney bean | garlic powder | white horseradish | mayonnaise | dry mustard | onion | black pepper | sweet pickle relish | salt | worcestershire sauce,contains_nightshade,1,0,"no keyword in the cleaned ingredients (raw ingredient text, or a Hugging Face label)",
culinarydb_32757,Whole Seabass with Fennel and Orange Zest,sea bass | champagne vinegar | to 2 heads fennel | garlic | clementine juice | olive oil | orange | parsley | salt | pepper | shallot | thyme,contains_nightshade,1,0,"no keyword in the cleaned ingredients (raw ingredient text, or a Hugging Face label)",
culinarydb_39428,Pecorino with Balsamic-and-Black-Pepper Syrup,mild honey | black pepper | young pecorino | balsamic vinegar,contains_nightshade,1,0,"no keyword in the cleaned ingredients (raw ingredient text, or a Hugging Face label)",
foodcom_276322,mom s cube steak,cube steak | onion | flour | vegetable oil | beef stew seasoning | water | salt | pepper,contains_nightshade,1,0,"no keyword in the cleaned ingredients (raw ingredient text, or a Hugging Face label)",
foodcom_196316,coffee can cheese bread,milk | water | sugar | oil | salt | flour | yeast | egg | sharp cheddar cheese | pepper,contains_nightshade,1,0,"no keyword in the cleaned ingredients (raw ingredient text, or a Hugging Face label)",
foodcom_162365,weight watchers 2 points creamed corn,light butter | green onion | frozen corn kernel | flour | skim milk | salt | black pepper,contains_nightshade,1,0,"no keyword in the cleaned ingredients (raw ingredient text, or a Hugging Face label)",
foodcom_311400,fresh chinese cabbage salad,cabbage | cilantro | red onion | ginger | sesame oil | tamari | rice wine vinegar | honey | black pepper,contains_nightshade,1,0,"no keyword in the cleaned ingredients (raw ingredient text, or a Hugging Face label)",
foodcom_457673,healthy baked falafel,chickpea | garlic | onion | flat leaf parsley | tahini | whole wheat bread crumb | coriander | cumin | salt | white pepper | water | whole wheat flour | olive oil,contains_nightshade,1,0,"no keyword in the cleaned ingredients (raw ingredient text, or a Hugging Face label)",
foodcom_323802,easy layered taco bake,macaroni & cheese dinner mix | ground beef | taco seasoning mix | mild salsa,contains_nightshade,0,1,keyword: salsa,
foodcom_458062,creamy polenta,cornmeal | gruyere | creme fraiche | salt | black pepper,contains_nightshade,1,0,"no keyword in the cleaned ingredients (raw ingredient text, or a Hugging Face label)",
foodcom_191778,bourbon sausage dogs,brown sugar | ketchup | bourbon | onion | polish sausage | relish | hot dog bun,contains_nightshade,0,1,keyword: ketchup,
foodcom_341244,yellow broth,butter | onion | celery rib | carrot | flour | chicken stock | oatmeal | spinach | heavy cream | salt | black pepper | parsley,contains_nightshade,1,0,"no keyword in the cleaned ingredients (raw ingredient text, or a Hugging Face label)",
hf_3754,"Wild Rice, Italian Sausage and Shiitake Stuffing",broth | shiitake mushroom | wild rice | bay leaf | coarse salt | italian sausage | meat | olive oil | onion | pepper | granny smith | fennel seed,contains_nightshade,1,0,"no keyword in the cleaned ingredients (raw ingredient text, or a Hugging Face label)",
hf_19168,Pea Soup,butter | onion | frozen pea | curry powder | cream | salt | tabasco | caster sugar | bread,contains_nightshade,0,1,keyword: tabasco,
hf_12911,Zucchini and bacon mini quiches,cheddar | zucchini | onion | capsicum | bacon | egg | flour | olive oil | salt | pepper,contains_nightshade,1,0,"no keyword in the cleaned ingredients (raw ingredient text, or a Hugging Face label)",
hf_38881,Crisp Fennel and Cabbage Slaw,onion | fennel | cabbage | mayonnaise | cider vinegar | sugar | celery seed | salt | pepper,contains_nightshade,1,0,"no keyword in the cleaned ingredients (raw ingredient text, or a Hugging Face label)",
hf_18329,Lemon Linguine Recipe,salt | black pepper | parmesan cheese | rocket | olive oil | pasta | basil | lemon,contains_nightshade,1,0,"no keyword in the cleaned ingredients (raw ingredient text, or a Hugging Face label)",
hf_15517,Slow-Roasted Salmon with Harissa,olive oil | harissa | garlic | lemon | salmon | salt | herb,contains_nightshade,0,1,keyword: harissa,
hf_21230,Chicken-And-Biscuit Pot Pie,butter | yellow onion | carrot | celery | green bean | flour | chicken broth | boneless | parsley | biscuit | thyme | salt | black pepper | buttermilk biscuit,contains_nightshade,1,0,"no keyword in the cleaned ingredients (raw ingredient text, or a Hugging Face label)",
hf_18871,Roasted Bone-In Lamb Leg with Rosemary and Lemon,leg of lamb | olive oil | salt | black pepper | rosemary | lemon,contains_nightshade,1,0,"no keyword in the cleaned ingredients (raw ingredient text, or a Hugging Face label)",
hf_17159,"Spaghetti with Baked Brie, Mushrooms & Spinach",mushroom | onion | olive oil | garlic | italian seasoning | salt | ground pepper | brie | whole-wheat spaghetti | spinach | balsamic vinegar,contains_nightshade,1,0,"no keyword in the cleaned ingredients (raw ingredient text, or a Hugging Face label)",
hf_12497,Brussels Sprouts-Bacon Stuffing,butter | bacon | brussels sprout | salt | onion | celery | chestnut | garlic | thyme | sage | pepper | low-sodium chicken broth | egg | multigrain bread | parsley,contains_nightshade,1,0,"no keyword in the cleaned ingredients (raw ingredient text, or a Hugging Face label)",
hf_27552,Sunchoke Lemongrass and Leek Soup,butter | leek | shallot | garlic | lemongrass | sunchoke | chicken broth | heavy cream | ground nutmeg | salt | black pepper | lemon zest | chive,contains_nightshade,1,0,"no keyword in the cleaned ingredients (raw ingredient text, or a Hugging Face label)",
hf_8541,Grilled Lemon Ginger Chicken recipes,chicken breast | lemon juice | olive oil | garlic | ginger | parsley | honey | thyme | salt | black pepper,contains_nightshade,1,0,"no keyword in the cleaned ingredients (raw ingredient text, or a Hugging Face label)",
themealdb_53400,Mastawa Lamb and Rice,lamb | onion | turmeric | orange | rice | natural yoghurt | garlic | vegetable oil | dried dill | black pepper | chickpea | salt,contains_nightshade,1,0,"no keyword in the cleaned ingredients (raw ingredient text, or a Hugging Face label)",
foodcom_318833,garlic lover s shrimps,olive oil | red pepper flake | garlic | raw shrimp | salt | dry sherry | parsley | old bay seasoning,contains_raw_animal,1,0,"no keyword in the cleaned ingredients (raw ingredient text, or a Hugging Face label)",
culinarydb_33355,Six-Story Fruit Yogurt Parfait,banana | blueberry | cream cheese | hazelnut and chocolate paste | heavy cream | seedless red grape | seedless white grape | honey | lime | mint | raspberry | plain yogurt,contains_soft_cheese,1,0,"no keyword in the cleaned ingredients (raw ingredient text, or a Hugging Face label)",
culinarydb_16290,"RITZ ""Everything"" Bites with Lox and Schmear",caper | cream cheese | thin slices cucumber | garlic | lemon juice | red onion | lox | dry-packed sun-dried tomato,contains_soft_cheese,1,0,"no keyword in the cleaned ingredients (raw ingredient text, or a Hugging Face label)",
culinarydb_21542,Greek Grilled Chicken with Green Beans,green bean | crumbled feta cheese | cherry tomato | skinless | dill | garlic powder | garlic | olive oil | dried oregano | kosher salt and freshly ground pepper | red wine vinegar,contains_soft_cheese,1,0,"no keyword in the cleaned ingredients (raw ingredient text, or a Hugging Face label)",
foodcom_296032,breakfast empanadas light version 3 pt,onion | olive oil | hash brown potato | frozen spinach | egg beaters egg substitute | lean bacon | refrigerated reduced-fat buttermilk biscuit | laughing cow light garlic and herb cheese,contains_soft_cheese,1,0,"no keyword in the cleaned ingredients (raw ingredient text, or a Hugging Face label)",
foodcom_399927,greek pasta pie,elbow macaroni | egg | parmesan cheese | margarine | cottage cheese | frozen chopped spinach | ground lamb | onion | green pepper | tomato sauce | ground cinnamon | feta cheese,contains_soft_cheese,1,0,"no keyword in the cleaned ingredients (raw ingredient text, or a Hugging Face label)",
foodcom_282710,couscous pilaf with saffron cream,olive oil | coriander seed | red bell pepper | cayenne pepper | ground cinnamon | chicken stock | saffron thread | couscous | thyme | egg | mint | cream cheese | sour cream,contains_soft_cheese,1,0,"no keyword in the cleaned ingredients (raw ingredient text, or a Hugging Face label)",
foodcom_295258,cottage cheese cinnamon rolls,cottage cheese | sugar | egg | oil | milk | baking powder | flour | brown sugar | cinnamon | butter | honey,contains_soft_cheese,1,0,"no keyword in the cleaned ingredients (raw ingredient text, or a Hugging Face label)",
hf_28987,Spinach and Artichoke-Stuffed Crescents Recipe,cream cheese | mozzarella cheese | parmesan cheese | artichoke heart | spinach | dinner roll | egg,contains_soft_cheese,1,0,"no keyword in the cleaned ingredients (raw ingredient text, or a Hugging Face label)",
hf_1521,Layered Mediterranean Salad recipes,cheese tortellini | italian dressing | cherry | feta cheese | red onion | roasted red bell pepper | basil | cucumber | artichoke heart | black olive | salt | black pepper | parmesan cheese,contains_soft_cheese,1,0,"no keyword in the cleaned ingredients (raw ingredient text, or a Hugging Face label)",
hf_1225,"Quinoa Salad with Asparagus, Cherry Tomatoes and Pecans",cooked quinoa | asparagus | cherry | arugula | pecan | feta cheese | red onion | olive oil | garlic | lemon | pepper | salt,contains_soft_cheese,1,0,"no keyword in the cleaned ingredients (raw ingredient text, or a Hugging Face label)",
themealdb_52833,Salted Caramel Cheescake,digestive biscuit | pretzel | butter | cream cheese | vanilla extract | icing sugar | caramel | salt | double cream | caramel sauce | toffee popcorn,contains_soft_cheese,1,0,"no keyword in the cleaned ingredients (raw ingredient text, or a Hugging Face label)",
themealdb_53523,Colombian Buñuelos Recipe,vegetable oil | cornstarch | tapioca | feta | farmers cheese | egg | baking powder | sugar | salt | milk,contains_soft_cheese,1,0,"no keyword in the cleaned ingredients (raw ingredient text, or a Hugging Face label)",
themealdb_53574,Quark and Rhubarb Pie,milk | yeast | sugar | egg | butter | salt | cardamom | flour | sweet quark | rhubarb | cinnamon,contains_soft_cheese,1,0,"no keyword in the cleaned ingredients (raw ingredient text, or a Hugging Face label)",
culinarydb_8312,Arroz con Pollo (Peruvian Style),beer | carrot | skinless chicken piece | cilantro | garlic | onion | green pea | salt and ground black pepper to taste | white rice | vegetable oil | water,contains_high_purine,0,1,keyword: beer,
culinarydb_28697,Venison and Black Bean Chili with Toasted Cumin Creme Fraiche and White Cheddar Cornbread,baking powder | cooked | dark beer | butter | buttermilk | white cheddar | homemade chicken stock | ancho chile powder | pasilla chile powder | white cheddar cornbread | ground cumin | toasted cumin crema | cumin seed | egg | flour | garlic | honey | lime juice | olive oil | red onion | salt and freshly ground pepper | chipotle pepper puree | salt | tomato,contains_high_purine,0,1,keyword: beer,
culinarydb_26227,"""Ayuh"" Seafood Paella",brandy | one 4-pound package boneless chicken breast | heaping cup minced fresh garlic | lemon | five 1 1/2-pound lobster | broth | dozen maine mussel | olive oil | heaping cup chopped onion | paprika | pea | green pepper | red pepper | black pepper | long grain rice | saffron | salt | maine scallop | shrimp | seeded,contains_high_purine,0,1,"keyword: mussel, scallop",
culinarydb_16678,Colorado Buffalo Chili,chili bean | kidney bean | ground buffalo | cayenne pepper | ground cumin | garlic | tomatoes with green chile | onion | anaheim chile pepper | poblano chile pepper | red pepper flake | salt and ground black pepper to taste | tomato soup,contains_high_purine,1,0,"no keyword in the cleaned ingredients (raw ingredient text, or a Hugging Face label)",
culinarydb_14406,New England Bean Dip,canned kidney bean | garlic powder | white horseradish | mayonnaise | dry mustard | onion | black pepper | sweet pickle relish | salt | worcestershire sauce,contains_high_purine,1,0,"no keyword in the cleaned ingredients (raw ingredient text, or a Hugging Face label)",
culinarydb_34435,Metropolitan Grill's Cheddar Cheese and Beer Sauce,your favorite beer | pinch cayenne | cheddar | flour | pinch granulated garlic | milk | dry mustard | green onion | parsley | pinch white pepper | salad oil | salt | worcestershire sauce,contains_high_purine,0,1,keyword: beer,
foodcom_111613,my chili,chuck roast | onion | garlic | tomato | red kidney bean | sun-dried tomatoes packed in oil | chili powder | cumin powder | red chili powder | pitted black olive | bottled water | yellow cornmeal | brown sugar,contains_high_purine,1,0,"no keyword in the cleaned ingredients (raw ingredient text, or a Hugging Face label)",
foodcom_208324,poppy seed beer bread,flour | baking powder | baking soda | beer | sugar | poppy seed | sesame seed,contains_high_purine,0,1,keyword: beer,
hf_1666,Stout Skirt Steak,beer | olive oil | red wine vinegar | dark brown sugar | garlic | pepper sauce | skirt steak,contains_high_purine,0,1,keyword: beer,
themealdb_53202,Thai-style steamed fish,trout | ginger | garlic | red chilli | lime | baby pak koi | soy sauce,contains_high_purine,0,1,keyword: trout,
themealdb_53109,Mini chilli beef pies,ready rolled shortcrust pastry | sunflower oil | onion | hot chilli powder | ground cumin | beef | tomato puree | beef stock | ground cinnamon | kidney bean | potato | sour cream | chive,contains_high_purine,1,0,"no keyword in the cleaned ingredients (raw ingredient text, or a Hugging Face label)",
themealdb_53051,Nasi lemak,coconut milk | water | ginger paste | ginger | bay leaf | rice | egg | cucumber | peanut | anchovy fillet | vegetable oil | onion | garlic | shallot | chilli powder | sugar | tamarind paste,contains_high_purine,0,1,keyword: anchovy,
culinarydb_16290,"RITZ ""Everything"" Bites with Lox and Schmear",caper | cream cheese | thin slices cucumber | garlic | lemon juice | red onion | lox | dry-packed sun-dried tomato,contains_high_tyramine,1,0,"no keyword in the cleaned ingredients (raw ingredient text, or a Hugging Face label)",
culinarydb_39428,Pecorino with Balsamic-and-Black-Pepper Syrup,mild honey | black pepper | young pecorino | balsamic vinegar,contains_high_tyramine,0,1,keyword: pecorino,
foodcom_458062,creamy polenta,cornmeal | gruyere | creme fraiche | salt | black pepper,contains_high_tyramine,0,1,keyword: gruyere,
hf_32043,Cheese and Pepper stuffed Grilled Chicken Breasts,olive oil | onion | bell pepper | boneless skinless chicken breast | provolone | seasoning | salt | pepper,contains_high_tyramine,0,1,"no keyword in the cleaned ingredients (raw ingredient text, or a Hugging Face label)",
hf_17159,"Spaghetti with Baked Brie, Mushrooms & Spinach",mushroom | onion | olive oil | garlic | italian seasoning | salt | ground pepper | brie | whole-wheat spaghetti | spinach | balsamic vinegar,contains_high_tyramine,0,1,keyword: brie,
themealdb_53426,Lao Som Pak Pickled Cabbage,cabbage | green onion | water | salt,contains_high_tyramine,1,0,"no keyword in the cleaned ingredients (raw ingredient text, or a Hugging Face label)",
themealdb_52934,Chicken Basquaise,chicken | butter | olive oil | red onion | red pepper | chorizo | sun-dried tomato | garlic | basmati rice | tomato puree | paprika | bay leaf | thyme | chicken stock | dry white wine | lemon | black olive | salt | pepper,contains_high_tyramine,0,1,keyword: chorizo,
themealdb_53290,Cheese Borek,egg | parsley | garlic | red pepper | gouda cheese | emmentaler cheese | phyllo dough | butter,contains_high_tyramine,0,1,keyword: gouda,
themealdb_52826,Braised Beef Chilli,beef | onion | garlic | olive oil | chorizo | cumin | allspice | clove | cinnamon stick | bay leaf | oregano | ancho chilly | balsamic vinegar | plum tomato | tomato ketchup | dark brown sugar | borlotti bean,contains_high_tyramine,0,1,keyword: chorizo,
themealdb_53301,Pork & sauerkraut goulash,lard | onion | cumin seed | pork shoulder | garlic | flour | paprika | beef stock | bay leaf | white sauerkraut | whipping cream | sour cream,contains_high_tyramine,0,1,keyword: sauerkraut,
themealdb_53051,Nasi lemak,coconut milk | water | ginger paste | ginger | bay leaf | rice | egg | cucumber | peanut | anchovy fillet | vegetable oil | onion | garlic | shallot | chilli powder | sugar | tamarind paste,vegetarian,1,0,keyword: anchovy,
hf_945,Homemade Nestlé Crunch Bar Wedding Favors,semi-sweet chocolate | puffed rice cereal,vegan,1,0,"no keyword in the cleaned ingredients (raw ingredient text, or a Hugging Face label)",
hf_27179,Banana Poi,banana | lemon juice | coconut cream,vegan,0,1,"no keyword in the cleaned ingredients (raw ingredient text, or a Hugging Face label)",
hf_4492,White Chocolate Cherry Pistachio Bark Recipe,dried cherry | water | white chocolate | candy | pistachio,vegan,1,0,keyword: white chocolate,
